ID,Internal Number,Visual Order,Document Number,Posting Date,Document Date,Branch,Region,Zone,Sales Person,Customer Code,Customer/Supplier Name,BP Reference No.,Customer PO No,Manufacturer Name,Customer Part No,Item No.,Quantity,Unit Price,Row Total in USD,DP,Freight,Document Currency,Service Type,Service Category,SM Percentage,Supp service Charge percentage,Service Charge %,SM Commission Value,SM Commission Value in USD,Supp service charge value,Supp service charge value in USD,Service  Charge Amount,Service  Charge Amount in USD,Total Commission,Total Commission in USD,Sale order Document Number,Sales Order DP,Remarks,Document Status,Business Line,Product Category
5,20973,,345000238,2026-08-06 00:00:00,2026-08-06 00:00:00,MIS/Other Make,NEW DELHI,NORTH,KULDEEP KUMAR,DEL00046,GENUS POWER INFRASTRUCTURES LTD,GE-13791282,1530016821,TIANMA,RMLCD00000124,TJMS5720,8848,0.375,3318,0.35625,0,USD,1,Others,0,0,5,0,0,0,0,165.9,165.9,165.9,165.9,341000095,0.35625,Based On Sales Orders 341000095. 341000099. 341000101. 341000138.,O,,Active
6,20973,1,345000238,2026-08-06 00:00:00,2026-08-06 00:00:00,MIS/Other Make,NEW DELHI,NORTH,KULDEEP KUMAR,DEL00046,GENUS POWER INFRASTRUCTURES LTD,GE-13791282,1530016944,TIANMA,RMLCD00000124,TJMS5720,7000,0.375,2625,0.35625,0,USD,1,Others,0,0,5,0,0,0,0,131.25,131.25,131.25,131.25,341000101,0.35625,Based On Sales Orders 341000095. 341000099. 341000101. 341000138.,O,,Active
7,20973,2,345000238,2026-08-06 00:00:00,2026-08-06 00:00:00,MIS/Other Make,NEW DELHI,NORTH,KULDEEP KUMAR,DEL00046,GENUS POWER INFRASTRUCTURES LTD,GE-13791282,1530016911,TIANMA,RMLCD00000124,TJMS5720,18000,0.375,6750,0.35625,0,USD,1,Others,0,0,5,0,0,0,0,337.5,337.5,337.5,337.5,341000099,0.35625,Based On Sales Orders 341000095. 341000099. 341000101. 341000138.,O,,Active
8,20973,3,345000238,2026-08-06 00:00:00,2026-08-06 00:00:00,MIS/Other Make,NEW DELHI,NORTH,KULDEEP KUMAR,DEL00046,GENUS POWER INFRASTRUCTURES LTD,GE-13791282,1530017013,TIANMA,RMLCD00000124,TJMS5720,6220,0.375,2332.5,0.35625,0,USD,1,Others,0,0,5,0,0,0,0,116.625,116.625,116.625,116.625,341000138,0.35625,Based On Sales Orders 341000095. 341000099. 341000101. 341000138.,O,,Active
41,21000,,345000258,2026-08-19 00:00:00,2026-08-17 00:00:00,MIS/Other Make,GUJARAT,NORTH,HARSH DOSHI,GUJ00241,MATRIX COMSEC PVT LTD,TEC-1088,6000062831,SEIKO INSTRUMENTS,1000000023,MS920SE-FL27E,1000,0.495,495,0.43,0,USD,,Others,0,0,13.13,0,0,0,0,64.9935,64.9935,64.9935,64.9935,341000482,0.43,Based On Sales Orders 341000481. 341000482. 341000483.,O,Line,PD&E
42,21000,1,345000258,2026-08-19 00:00:00,2026-08-17 00:00:00,MIS/Other Make,GUJARAT,NORTH,HARSH DOSHI,GUJ00241,MATRIX COMSEC PVT LTD,TEC-1088,6000062832,SEIKO INSTRUMENTS,1000000023,MS920SE-FL27E,1000,0.495,495,0.43,0,USD,,Others,0,0,13.13,0,0,0,0,64.9935,64.9935,64.9935,64.9935,341000481,0.43,Based On Sales Orders 341000481. 341000482. 341000483.,O,Line,PD&E
43,21000,2,345000258,2026-08-19 00:00:00,2026-08-17 00:00:00,MIS/Other Make,GUJARAT,NORTH,HARSH DOSHI,GUJ00241,MATRIX COMSEC PVT LTD,TEC-1088,6000063056,SEIKO INSTRUMENTS,1000000023,MS920SE-FL27E,1000,0.495,495,0.43,0,USD,,Others,0,0,13.13,0,0,0,0,64.9935,64.9935,64.9935,64.9935,341000483,0.43,Based On Sales Orders 341000481. 341000482. 341000483.,O,Line,PD&E
44,21001,,345000259,2026-08-19 00:00:00,2026-08-18 00:00:00,MIS/Other Make,GUJARAT,NORTH,HARSH DOSHI,GUJ00241,MATRIX COMSEC PVT LTD,TEC-1089,6000057253,SEIKO INSTRUMENTS,1000005719,MS412FE-FL26E,8000,0.315,2520,0.27,0,USD,,,0,0,14.29,0,0,0,0,360.108,360.108,360.108,360.108,341000397,0.27,Based On Sales Orders 341000397. 341000398. 341000399. 341000483. 341000484. 341000486.,O,Line,PD&E
45,21001,1,345000259,2026-08-19 00:00:00,2026-08-18 00:00:00,MIS/Other Make,GUJARAT,NORTH,HARSH DOSHI,GUJ00241,MATRIX COMSEC PVT LTD,TEC-1089,6000059639,SEIKO INSTRUMENTS,1000005719,MS412FE-FL26E,13000,0.315,4095,0.27,0,USD,,Others,0,0,14.29,0,0,0,0,585.1755,585.1755,585.1755,585.1755,341000398,0.27,Based On Sales Orders 341000397. 341000398. 341000399. 341000483. 341000484. 341000486.,O,Line,PD&E
46,21001,2,345000259,2026-08-19 00:00:00,2026-08-18 00:00:00,MIS/Other Make,GUJARAT,NORTH,HARSH DOSHI,GUJ00241,MATRIX COMSEC PVT LTD,TEC-1089,6000057255,SEIKO INSTRUMENTS,1000005719,MS412FE-FL26E,5000,0.315,1575,0.27,0,USD,,,0,0,14.29,0,0,0,0,225.0675,225.0675,225.0675,225.0675,341000399,0.27,Based On Sales Orders 341000397. 341000398. 341000399. 341000483. 341000484. 341000486.,O,Line,PD&E
47,21001,3,345000259,2026-08-19 00:00:00,2026-08-18 00:00:00,MIS/Other Make,GUJARAT,NORTH,HARSH DOSHI,GUJ00241,MATRIX COMSEC PVT LTD,TEC-1089,6000063056,SEIKO INSTRUMENTS,1000000023,MS920SE-FL27E,2000,0.495,990,0.43,0,USD,,Others,0,0,13.13,0,0,0,0,129.987,129.987,129.987,129.987,341000483,0.43,Based On Sales Orders 341000397. 341000398. 341000399. 341000483. 341000484. 341000486.,O,Line,PD&E
48,21001,4,345000259,2026-08-19 00:00:00,2026-08-18 00:00:00,MIS/Other Make,GUJARAT,NORTH,HARSH DOSHI,GUJ00241,MATRIX COMSEC PVT LTD,TEC-1089,6000063057,SEIKO INSTRUMENTS,1000000023,MS920SE-FL27E,7000,0.495,3465,0.43,0,USD,,Others,0,0,13.13,0,0,0,0,454.9545,454.9545,454.9545,454.9545,341000484,0.43,Based On Sales Orders 341000397. 341000398. 341000399. 341000483. 341000484. 341000486.,O,Line,PD&E
49,21001,5,345000259,2026-08-19 00:00:00,2026-08-18 00:00:00,MIS/Other Make,GUJARAT,NORTH,HARSH DOSHI,GUJ00241,MATRIX COMSEC PVT LTD,TEC-1089,6000063214,SEIKO INSTRUMENTS,1000000023,MS920SE-FL27E,4000,0.495,1980,0.43,0,USD,,,0,0,0,0,0,0,0,0,0,0,0,341000486,0.43,Based On Sales Orders 341000397. 341000398. 341000399. 341000483. 341000484. 341000486.,O,Line,PD&E
