#,Internal Number,SAP No,Invoice No,Business Line,Inv Date,Customer Name,Customer PO No,Customer PO Date,Zone,Region,Sales Employee Name,Customer Support,Item No.,Item/Service Description,HSN,Customer Part No,Make,Item Group,Quantity,Unit Price,Basic Value,CGST,SGST,IGST,Total Freight,Total Freight Tax,Inv value,CN Quantity,CN Value,Total Value,Product Category
1,281463,328012886,26L12886,Line,2026-08-03 00:00:00,SYRMA SGS TECHNOLOGY LIMITED-GURUGRAM,4300065573,2026-03-25 00:00:00,NORTH,NEW DELHI,KULDEEP KUMAR,Abha,MM3Z12,"Zener, SOD-323F, 12V, 0.3W, ±5%",85.41.1000,1110059316,DIOTEC,DIODE,6000,0.97,5820,0,0,1047.6,0,0,6867.6,0,0,6867.6,PD&E
2,281464,328012887,26L12887,Line,2026-08-03 00:00:00,SYRMA SGS TECHNOLOGY LIMITED-GURUGRAM,4300065400,2026-02-19 00:00:00,NORTH,NEW DELHI,KULDEEP KUMAR,Abha,ZMM5.1,planer Zener diode,85.41.1000,1100029293,DIOTEC,DIODE,2500,0.78,1950,0,0,351,0,0,2301,0,0,2301,PD&E
3,281468,328012891,26L12891,Line,2026-08-03 00:00:00,UMA POLY SOLUTIONS PVT LTD,UPS/2600369,2026-04-27 00:00:00,NORTH,NEW DELHI,KULDEEP KUMAR,Neha Chauhan,JBD506424AG1C,LCD (L x W) = 56.7 x 24 mmBacklight (L x W) = 57 x 24 mm,85.24.9990,EL380SM024,JODING,LCD,4990,8,39920,0,0,7290.9,585,105.3,47795.9,0,0,47795.9,Others
4,281474,328012896,26L12896,Line,2026-08-03 00:00:00,CONTINENTAL DEVICE INDIA PVT. LTD. (DD),HVL0380,2026-05-11 00:00:00,NORTH,NEW DELHI,MAHESH KUMAR MITTAL,Abha,BC847C,Trans GP BJT NPN 45V 0.1A 250mW 3-Pin SOT-23 T/R,85.41.5000,PAAAA016AAA103,DIOTEC,TRANSISTOR,3000,0.56,1680,0,0,302.4,0,0,1982.4,0,0,1982.4,PD&E
5,281475,328012897,26L12897,Line,2026-08-03 00:00:00,LUBI ELECTRONICS,4100034558,2026-04-27 00:00:00,NORTH,AHMEDABAD,HARSH DOSHI,Poonam Kashyap,P6KE43A,TVS DIODES ESD SUPPRESSORS 600 WATT TVS DO-15,85.41.1000,1000006536,DIOTEC,DIODE,12000,5.75,69000,0,0,12420,0,0,81420,0,0,81420,PD&E
6,281476,328012898,26L12898,Line,2026-08-03 00:00:00,RAPIDISE TECHNOLOGY PRIVATE LIMITED-GURUGRAM,6012000786,2026-06-22 00:00:00,NORTH,GUJARAT,HARSH DOSHI,Poonam Kashyap,GBU8M,8A 100v Bridge rectifier Diode,85.41.1000,A13DS00485,DIOTEC,DIODE,4000,14.1,56400,0,0,10152,0,0,66552,0,0,66552,PD&E
7,281510,328012913,26L12913,Line,2026-08-04 00:00:00,IL JIN ELECTRONICS INDIA PVT LTD,POD0126-00004152,2026-05-25 00:00:00,NORTH,NEW DELHI,ARPIT SINGH,Poonam Kashyap,UCS2V220MHD1TO,Aluminium Electrolytic Capacitors - Radial Leaded 22uF 350V 20% Aluminum Capacitor,85.32.2200,PCS001-062-00JW,NICHICON,ELECTROLYTIC CAPACIT,9000,9.5,85500,0,0,15390,452.90698,81.52326,101424.43023,0,0,101424.43023,PD&E
8,281510,328012913,26L12913,Line,2026-08-04 00:00:00,IL JIN ELECTRONICS INDIA PVT LTD,POD0126-00004152,2026-05-25 00:00:00,NORTH,NEW DELHI,ARPIT SINGH,Poonam Kashyap,R5F10NPLDFB#10,16-bit Microcontrollers - MCU 16BIT MCU RL78/I1C 512K 100LQFP -40/+85C,85.42.3100,PIS001-034-00JW,RENESAS,MICROCONTROLLER,720,150,108000,0,0,19624.5,572.09302,102.97674,128115.06977,0,0,128115.06977,Active
9,281514,328012915,26L12915,Line,2026-08-04 00:00:00,FIEM INDUSTRIES LTD-ALWAR,5500008244,2026-03-20 00:00:00,NORTH,NEW DELHI,KULDEEP KUMAR,Palak,ETQP4M470KVC,"Power Inductors - SMD PCC Lo Pro 47uH, 3.4A 145.2mOhm, 10.7x10x4mm,AEC-Q200",85.04.5090,13002901,PANASONIC,INDUCTOR,3000,27.84,83520,0,0,15033.6,0,0,98553.6,0,0,98553.6,PD&E
10,281515,328012916,26L12916,Line,2026-08-04 00:00:00,FIEM INDUSTRIES LTD-ALWAR,4500047016,2026-06-12 00:00:00,NORTH,NEW DELHI,KULDEEP KUMAR,Palak,EEEHB1H100P,CAP ALUM 10UF 20% 50V SMD,85.32.2200,13003934,PANASONIC,ELECTROLYTIC CAPACIT,3000,5.2,15600,0,0,2808,0,0,18408,0,0,18408,PD&E
11,281525,328012925,26L12925,Line,2026-08-04 00:00:00,AGGRESSIVE ELECTRONICS MANUFACTURING SERVICES PVT LTD,P2500905,2026-03-07 00:00:00,NORTH,NEW DELHI,MAHESH KUMAR MITTAL,Abha,ERJ3EKF4533V,RES SMD 453K OHM 1% 1/10W 0603,85.33.1000,ECSR4533FCCX,PANASONIC,RESISTORS,5000,0.317,1585,0,0,285.3,28.60624,5.14912,1904.05536,0,0,1904.05536,PD&E
12,281525,328012925,26L12925,Line,2026-08-04 00:00:00,AGGRESSIVE ELECTRONICS MANUFACTURING SERVICES PVT LTD,P2500905,2026-03-07 00:00:00,NORTH,NEW DELHI,MAHESH KUMAR MITTAL,Abha,ERJ3EKF3300V,RES SMD 330 OHM 1% 1/10W 0603,85.33.1000,ECSR331FCCR0,PANASONIC,RESISTORS,5000,0.317,1585,0,0,285.3,28.60624,5.14912,1904.05536,0,0,1904.05536,PD&E
13,281525,328012925,26L12925,Line,2026-08-04 00:00:00,AGGRESSIVE ELECTRONICS MANUFACTURING SERVICES PVT LTD,P2500905,2026-03-07 00:00:00,NORTH,NEW DELHI,MAHESH KUMAR MITTAL,Abha,ERA3AEB333V,RES SMD 33K OHM 0.1% 1/10W 0603,85.33.1000,ECSR303CCX00,PANASONIC,RESISTORS,5000,2.72,13600,0,0,2448,245.45414,44.18174,16337.63588,0,0,16337.63588,PD&E
14,281525,328012925,26L12925,Line,2026-08-04 00:00:00,AGGRESSIVE ELECTRONICS MANUFACTURING SERVICES PVT LTD,P2500905,2026-03-07 00:00:00,NORTH,NEW DELHI,MAHESH KUMAR MITTAL,Abha,ERJ3EKF1003V,"SMD Chip Resistor, 100 kOhm, ± 1%, 100 mW, 0603 [1608 Metric], Thick Film, Precision",85.33.1000,ECSR1003FCB0,PANASONIC,RESISTORS,15000,0.317,4755,0,0,855.9,85.81871,15.44737,5712.16607,0,0,5712.16607,PD&E
15,281525,328012925,26L12925,Line,2026-08-04 00:00:00,AGGRESSIVE ELECTRONICS MANUFACTURING SERVICES PVT LTD,P2500905,2026-03-07 00:00:00,NORTH,NEW DELHI,MAHESH KUMAR MITTAL,Abha,ERJ3EKF4302V,RES SMD 43K OHM 1% 1/10W 0603,85.33.1000,ECSR4302FCCX,PANASONIC,RESISTORS,5000,0.317,1585,0,0,285.3,28.60624,5.14912,1904.05536,0,0,1904.05536,PD&E
16,281525,328012925,26L12925,Line,2026-08-04 00:00:00,AGGRESSIVE ELECTRONICS MANUFACTURING SERVICES PVT LTD,P2500905,2026-03-07 00:00:00,NORTH,NEW DELHI,MAHESH KUMAR MITTAL,Abha,ERA3AEB3163V,RES SMD 316K OHM 0.1% 1/10W 0603,85.33.1000,ECSR3163CCX0,PANASONIC,RESISTORS,5000,2.72,13600,0,0,2448,245.45414,44.18174,16337.63588,0,0,16337.63588,PD&E
17,281525,328012925,26L12925,Line,2026-08-04 00:00:00,AGGRESSIVE ELECTRONICS MANUFACTURING SERVICES PVT LTD,P2500905,2026-03-07 00:00:00,NORTH,NEW DELHI,MAHESH KUMAR MITTAL,Abha,ERJ3GEYJ122V,RES SMD 1.2K OHM 5% 1/10W 0603,85.33.1000,ECSR1K2JCCX0,PANASONIC,RESISTORS,10000,0.228,2280,0,0,410.4,41.14966,7.40694,2738.9566,0,0,2738.9566,PD&E
18,281525,328012925,26L12925,Line,2026-08-04 00:00:00,AGGRESSIVE ELECTRONICS MANUFACTURING SERVICES PVT LTD,P2500905,2026-03-07 00:00:00,NORTH,NEW DELHI,MAHESH KUMAR MITTAL,Abha,ERJ3GEYJ103V,RES SMD 10K OHM 5% 1/10W 0603,85.33.1000,ECSR103CJCX0,PANASONIC,RESISTORS,10000,0.228,2280,0,0,410.4,41.14966,7.40694,2738.9566,0,0,2738.9566,PD&E
19,281525,328012925,26L12925,Line,2026-08-04 00:00:00,AGGRESSIVE ELECTRONICS MANUFACTURING SERVICES PVT LTD,P2500905,2026-03-07 00:00:00,NORTH,NEW DELHI,MAHESH KUMAR MITTAL,Abha,EEEFN1H680XP,CAP ALUM 68UF 20% 50V SMD,85.32.2200,ECSC686MEX00,PANASONIC,CAPACITORS,4500,5.53,24885,0,0,4479.3,449.12692,80.84285,29894.26977,0,0,29894.26977,PD&E
20,281525,328012925,26L12925,Line,2026-08-04 00:00:00,AGGRESSIVE ELECTRONICS MANUFACTURING SERVICES PVT LTD,P2500905,2026-03-07 00:00:00,NORTH,NEW DELHI,MAHESH KUMAR MITTAL,Abha,ERJ3GEY0R00V,RES SMD 0E 0.1W PACKAGE:0603,85.33.1000,ECSR0EXXXXC0,PANASONIC,RESISTORS,25000,0.228,5700,0,0,1026,102.87416,18.51735,6847.39151,0,0,6847.39151,PD&E
21,281525,328012925,26L12925,Line,2026-08-04 00:00:00,AGGRESSIVE ELECTRONICS MANUFACTURING SERVICES PVT LTD,P2500905,2026-03-07 00:00:00,NORTH,NEW DELHI,MAHESH KUMAR MITTAL,Abha,ERJ3EKF2003V,RES SMD 200K OHM 1% 1/10W 0603,85.33.1000,ECSR204FCCX0,PANASONIC,RESISTORS,5000,0.317,1585,0,0,645.3,28.60624,5.14912,1904.05536,0,0,1904.05536,PD&E
22,281525,328012925,26L12925,Line,2026-08-04 00:00:00,AGGRESSIVE ELECTRONICS MANUFACTURING SERVICES PVT LTD,P2500905,2026-03-07 00:00:00,NORTH,NEW DELHI,MAHESH KUMAR MITTAL,Abha,ERJ3EKF1692V,RES SMD 16.9K OHM 1% 1/10W 0603,85.33.1000,ECSR16R9FCCX,PANASONIC,RESISTORS,5000,0.317,1585,0,0,285.3,28.60624,5.14912,1904.05536,0,0,1904.05536,PD&E
23,281525,328012925,26L12925,Line,2026-08-04 00:00:00,AGGRESSIVE ELECTRONICS MANUFACTURING SERVICES PVT LTD,P2500905,2026-03-07 00:00:00,NORTH,NEW DELHI,MAHESH KUMAR MITTAL,Abha,ERA3AEB202V,RES SMD 2K OHM 0.1% 1/10W 0603,85.33.1000,ECSR202FDDX1,PANASONIC,RESISTORS,5000,2.72,13600,0,0,2448,245.45414,44.18174,16337.63588,0,0,16337.63588,PD&E
24,281525,328012925,26L12925,Line,2026-08-04 00:00:00,AGGRESSIVE ELECTRONICS MANUFACTURING SERVICES PVT LTD,P2500905,2026-03-07 00:00:00,NORTH,NEW DELHI,MAHESH KUMAR MITTAL,Abha,ERJ3EKF1000V,RES SMD 100 OHM 1% 1/10W 0603,85.33.1000,ECSR101FCCXX,PANASONIC,RESISTORS,10000,0.317,3170,0,0,570.6,57.21247,10.29824,3808.11072,0,0,3808.11072,PD&E
25,281525,328012925,26L12925,Line,2026-08-04 00:00:00,AGGRESSIVE ELECTRONICS MANUFACTURING SERVICES PVT LTD,P2500905,2026-03-07 00:00:00,NORTH,NEW DELHI,MAHESH KUMAR MITTAL,Abha,ERJ3EKF33R0V,RES SMD 33 OHM 1% 1/10W 0603,85.33.1000,ECSR33RFDDX0,PANASONIC,RESISTORS,10000,0.317,3170,0,0,570.6,57.21247,10.29824,3808.11072,0,0,3808.11072,PD&E
26,281525,328012925,26L12925,Line,2026-08-04 00:00:00,AGGRESSIVE ELECTRONICS MANUFACTURING SERVICES PVT LTD,P2500905,2026-03-07 00:00:00,NORTH,NEW DELHI,MAHESH KUMAR MITTAL,Abha,ERJ3EKF4701V,RES SMD 4.7K OHM 1% 1/10W 0603,85.33.1000,ECSR472CFCXX,PANASONIC,RESISTORS,20000,0.317,6340,0,0,1141.2,114.42494,20.59649,7616.22143,0,0,7616.22143,PD&E
27,281525,328012925,26L12925,Line,2026-08-04 00:00:00,AGGRESSIVE ELECTRONICS MANUFACTURING SERVICES PVT LTD,P2500905,2026-03-07 00:00:00,NORTH,NEW DELHI,MAHESH KUMAR MITTAL,Abha,ERJ3EKF1002V,RES SMD 10K OHM 1% 1/10W 0603,85.33.1000,ECSR1002FCB0,PANASONIC,RESISTORS,30000,0.317,9510,0,0,1711.8,171.63741,30.89473,11424.33215,0,0,11424.33215,PD&E
28,281564,328012951,26L12951,Line,2026-08-04 00:00:00,SPACE APPLICATIONS CENTRE,SAC/APUR/SA2025PO23180101,2026-04-10 00:00:00,NORTH,AHMEDABAD,HARSH DOSHI,Poonam Kashyap,AWMF-0197,RF Modules SATCOM 17.7-21.2 GHz SATCOM RX BFIC,85.04.5090,,QORVO-ADB,MODULES,400,7415,2966000,0,0,533880,0,0,3499880,0,0,3499880,Active
29,281565,328012952,26L12952,Line,2026-08-04 00:00:00,AXPERT ENTERPRISE,Email ref 18-06,2026-06-19 00:00:00,NORTH,GUJARAT,HARSH DOSHI,Poonam Kashyap,R5F100ACASP#50,16-BIT GENERAL MCU RL78/G13 32K 30LSSOP -40 to 85°C,85.42.3100,,RENESAS,INTEGRATED CIRCUIT,3000,33.25,99750,0,0,17955,0,0,117705,0,0,117705,Active
30,281595,328012975,26L12975,Line,2026-08-04 00:00:00,PRICOL LIMITED-GURGAON,4501089204,2026-07-10 00:00:00,NORTH,NEW DELHI,ABHISHEKH CHOUDHARY,Poonam Kashyap,ERZHF2M220D,Surge Suppressors ZNR Surge Absorbers SMD Type HF Series,85.33.4090,193850BO01A,PANASONIC,VARISTOR,30400,39.1,1188640,0,0,213955.2,0,0,1402595.2,0,0,1402595.2,PD&E
31,281595,328012975,26L12975,Line,2026-08-04 00:00:00,PRICOL LIMITED-GURGAON,4501089204,2026-07-10 00:00:00,NORTH,NEW DELHI,ABHISHEKH CHOUDHARY,Poonam Kashyap,ERZHF2M220D,Surge Suppressors ZNR Surge Absorbers SMD Type HF Series,85.33.4090,193850BO01A,PANASONIC,VARISTOR,9600,39.1,375360,0,0,67564.8,0,0,442924.8,0,0,442924.8,PD&E
32,281600,328012979,26L12979,Line,2026-08-04 00:00:00,EXPERT INTERNATIONAL,Ref mail 29th May,2026-05-29 00:00:00,NORTH,NEW DELHI,SANDHYA KALYAN,Abha,R5F104LEAFB#10,16BIT MCU RL78/G14 64K 64LFQFP -40/+85C,85.42.3100,R5F104LEAFB#10,RENESAS,INTEGRATED CIRCUIT,10240,129.1,1321984,0,0,238182.12,1250,225,1561416.12,0,0,1561416.12,Active
33,281601,328012980,26L12980,Line,2026-08-04 00:00:00,A.PAUL SOFTWARE SYSTEMS PRIVATE LIMITED,PODM-26-27-00883,2026-08-04 00:00:00,NORTH,NEW DELHI,SURAJ PANDEY,Abha,CR2032 - PLAIN,BARE CELL,85.06.8010,CR2032PLAIN,EVE,BATTERY,1000,10,10000,0,0,1837.8,210,37.8,12047.8,0,0,12047.8,Active
34,281610,328012988,26L12988,Line,2026-08-04 00:00:00,PRICOL LIMITED-GURGAON,4501072899,2026-04-22 00:00:00,NORTH,NEW DELHI,ABHISHEKH CHOUDHARY,Poonam Kashyap,BCX56-16,SMD general Purpose NPN transistor,85.41.1000,153870BO01P,DIOTEC,DIODE,60000,1.77,106200,0,0,19116,0,0,125316,0,0,125316,PD&E
35,281614,328012991,26L12991,Line,2026-08-04 00:00:00,FIEM INDUSTRIES LTD,5500008044,2026-03-20 00:00:00,NORTH,NEW DELHI,KULDEEP KUMAR,Palak,SMAJ22A,ESD Suppressors / TVS Diodes 22V 300W 5% Uni,85.41.1000,13000099,TAIWAN SEMI,DIODE,37500,4.873,182737.5,0,0,32892.75,0,0,215630.25,0,0,215630.25,PD&E
36,281615,328012992,26L12992,Line,2026-08-04 00:00:00,GTEK CORPORATION PVT LTD,PO-002012,2026-06-25 00:00:00,NORTH,GUJARAT,HARSH DOSHI,Poonam Kashyap,P6SMBJ12CA,TVS DIODE 10.2V 16.7V DO214AA,85.41.1000,GTELRMDIO000013,DIOTEC,DIODE,6000,3.66,21960,0,0,3952.8,0,0,25912.8,0,0,25912.8,PD&E
37,281649,328013009,26L13009,Line,2026-08-05 00:00:00,MKM TECHNOLOGIES PVT LTD,MKM/PO/26-27/659,2026-07-02 00:00:00,NORTH,NEW DELHI,MAHESH KUMAR MITTAL,Neha,CR2032 - PLAIN,BARE CELL (M0119W-LF),85.06.8010,CR2032 - PLAIN,EVE,BATTERY,10000,10,100000,0,0,18000,0,0,118000,0,0,118000,Active
38,281654,328013014,26L13014,Line,2026-08-05 00:00:00,ENERTRAK INSTRUMENTS PRIVATE LTD,26-27/481,2026-06-15 00:00:00,NORTH,JAIPUR,KULDEEP KUMAR,Neha Chauhan,BDG0250D0000,PTC 0.25A radidal Leaded,85.36.1090,EMPTCR025X,BETTERFUSE,FUSE,5000,2.25,11250,0,0,2025,0,0,13275,0,0,13275,PD&E
39,281665,328013024,26L13024,Line,2026-08-05 00:00:00,TRINITY TOUCH PVT. LTD.,510056639,2026-04-23 00:00:00,NORTH,NEW DELHI,SURAJ PANDEY,Palak,R5F100MFGFB#10,16BIT MCU RL78/G13 96K 80LFQFP -40/+105C,85.42.3100,39908769,RENESAS,INTEGRATED CIRCUIT,1904,183,348432,0,0,62717.76,0,0,411149.76,0,0,411149.76,Active
40,281666,328013025,26L13025,Line,2026-08-05 00:00:00,RADIANT  CONTROLS & AUTOMATION PVT. LTD.,PO 26-27/054,2026-08-03 00:00:00,NORTH,GUJARAT,HARSH DOSHI,Poonam Kashyap,R5F102A8ASP#10,16BIT MCU RL78/G12 8K 30LSSOP -40/+85C,85.42.3100,,RENESAS,INTEGRATED CIRCUIT,630,51.94,32722.2,0,0,5889.996,0,0,38612.196,0,0,38612.196,Active
41,281668,328013027,26L13027,Line,2026-08-05 00:00:00,GENUS POWER JAIPUR,1420035372,2026-06-17 00:00:00,NORTH,JAIPUR,KULDEEP KUMAR,Prakash,US1M,1A  100V ultrafast recovery Diode,85.41.1000,RMDIO00000193,DIOTEC,DIODE,165000,0.92,151800,0,0,27324,0,0,179124,0,0,179124,PD&E
42,281682,328013039,26L13039,Line,2026-08-05 00:00:00,SUN STAR INDUSTRIES,Ref mail 5th May//Sunstar,2026-05-07 00:00:00,NORTH,JAIPUR,KULDEEP KUMAR,Abha,AOD2N100,MOSFET N-CH 1000V 2A TO252,85.41.2900,AOD2N100,AOS,MOSFET,5000,19.57,97850,0,0,17686.8,410,73.8,115946.8,0,0,115946.8,Active
43,281763,328013110,26L13110,Line,2026-08-06 00:00:00,SECURE METERS LIMITED,2102002139-164,2026-03-31 00:00:00,NORTH,NEW DELHI,SURAJ PANDEY,Vinny,M0125XLF,CR2032CKP Battery,85.06.8010,BGX101-624,EVE,BATTERY,14400,11.61,167184,0,0,30093.12,0,0,197277.12,0,0,197277.12,Active
44,281835,328013175,26L13175,Line,2026-08-06 00:00:00,ACCUMET SOLUTIONS,Mail Ref: 30-08-25,2025-08-30 00:00:00,NORTH,NEW DELHI,KULDEEP KUMAR,Neha Chauhan,B72314S0511K101,Leaded Disk Varistors,85.33.4090,B72314S0511K101,EPCOS,VARISTOR,6000,3.46,20760,0,0,3736.8,0,0,24496.8,0,0,24496.8,PD&E
45,281838,328013178,26L13178,Line,2026-08-06 00:00:00,ACCUMET SOLUTIONS,26-27/ACS 023,2026-06-19 00:00:00,NORTH,NEW DELHI,KULDEEP KUMAR,Neha Chauhan,BC847B,Transistor: NPN; bipolar; 45V; 100mA; 250mW; SOT23,85.41.2900,BC847B,DIOTEC,TRANSISTOR,12000,0.6,7200,0,0,1296,0,0,8496,0,0,8496,PD&E
46,281838,328013178,26L13178,Line,2026-08-06 00:00:00,ACCUMET SOLUTIONS,26-27/ACS 023,2026-06-19 00:00:00,NORTH,NEW DELHI,KULDEEP KUMAR,Neha Chauhan,S1M,Diode: rectifying; SMD; 1kV; 1A; 1.5us,85.41.1000,S1M,DIOTEC,DIODE,30000,0.82,24600,0,0,4428,0,0,29028,0,0,29028,PD&E
47,281838,328013178,26L13178,Line,2026-08-06 00:00:00,ACCUMET SOLUTIONS,26-27/ACS 023,2026-06-19 00:00:00,NORTH,NEW DELHI,KULDEEP KUMAR,Neha Chauhan,CR2032CKP,M0125E-LF /BATTERY LITHIUM 3.2V COIN 20MM,85.06.8010,CR2032CKP,EVE,BATTERY,2400,10.49,25176,0,0,4531.68,0,0,29707.68,0,0,29707.68,Active
48,281838,328013178,26L13178,Line,2026-08-06 00:00:00,ACCUMET SOLUTIONS,26-27/ACS 023,2026-06-19 00:00:00,NORTH,NEW DELHI,KULDEEP KUMAR,Neha Chauhan,SKL12,Schottky Diode - 20V 1A SOD123L,85.41.1000,SKL12,DIOTEC,DIODE,6000,1.55,9300,0,0,1674,0,0,10974,0,0,10974,PD&E
49,281838,328013178,26L13178,Line,2026-08-06 00:00:00,ACCUMET SOLUTIONS,26-27/ACS 023,2026-06-19 00:00:00,NORTH,NEW DELHI,KULDEEP KUMAR,Neha Chauhan,BC857B,"BJT, SOT-23, 45V, 100mA, PNP, 0.25W, 150°C",85.41.2100,BC857B,DIOTEC,DIODE,12000,0.62,7440,0,0,1339.2,0,0,8779.2,0,0,8779.2,PD&E
50,281838,328013178,26L13178,Line,2026-08-06 00:00:00,ACCUMET SOLUTIONS,26-27/ACS 023,2026-06-19 00:00:00,NORTH,NEW DELHI,KULDEEP KUMAR,Neha Chauhan,ES1J,rectifying Diode; SMD; 600V; 1A; 35ns,85.41.1000,ES1J,DIOTEC,DIODE,7500,2.74,20550,0,0,3699,0,0,24249,0,0,24249,PD&E
51,281841,328013181,26L13181,Line,2026-08-06 00:00:00,ACCUMET SOLUTIONS,25-26/ACS 045,2025-10-29 00:00:00,NORTH,NEW DELHI,KULDEEP KUMAR,Neha Chauhan,TJMS5760#02,TJMS5760 with updated PIN length 8.5±0.5mm,85.24.9990,TJMS5760#02,TIANMA,LCD,1445,37.85,54693.25,0,0,9844.785,582.38681,104.82963,65225.25144,0,0,65225.25144,Active
52,281841,328013181,26L13181,Line,2026-08-06 00:00:00,ACCUMET SOLUTIONS,25-26/ACS 045,2025-10-29 00:00:00,NORTH,NEW DELHI,KULDEEP KUMAR,Neha Chauhan,TJMS5760#02,TJMS5760 with updated PIN length 8.5±0.5mm,85.24.9990,TJMS5760#02,TIANMA,LCD,2376,37.85,89931.6,0,0,16464.888,957.61319,172.37037,107249.27156,0,0,107249.27156,Active
53,281852,328013192,26L13192,Line,2026-08-06 00:00:00,MULTISPAN CONTROL INSTRUMENTS PVT. LTD.,MCIPL/25-26/RP/U1/001271,2026-03-19 00:00:00,NORTH,AHMEDABAD,HARSH DOSHI,Poonam Kashyap,BC857B,"BJT, SOT-23, 45V, 100mA, PNP, 0.25W, 150°C",85.41.2100,TRBJTR0035,DIOTEC,DIODE,201000,0.58,116580,0,0,20984.4,0,0,137564.4,0,0,137564.4,PD&E
54,281856,328013196,26L13196,Line,2026-08-06 00:00:00,MULTISPAN CONTROL INSTRUMENTS PVT. LTD.,MCIPL/26-27/RP/U1/000156(1),2026-05-19 00:00:00,NORTH,AHMEDABAD,HARSH DOSHI,Poonam Kashyap,BZT52B24,"Zener Diodes Zener, SOD-123F, 24V, 0.5W, 2%",85.41.1000,DRZENE0019,DIOTEC,DIODE,60000,1.34,80400,0,0,14472,0,0,94872,0,0,94872,PD&E
55,281870,328013209,26L13209,Line,2026-08-06 00:00:00,MULTISPAN CONTROL INSTRUMENTS PVT. LTD.,MCIPL/26-27/RP/U1/000037,2026-04-17 00:00:00,NORTH,AHMEDABAD,HARSH DOSHI,Poonam Kashyap,BC847B,Transistor: NPN; bipolar; 45V; 100mA; 250mW; SOT23,85.41.2900,TRBJTR0034,DIOTEC,TRANSISTOR,498000,0.54,268920,0,0,48405.6,0,0,317325.6,0,0,317325.6,PD&E
56,281871,328013210,26L13210,Line,2026-08-06 00:00:00,SATYA ELECTROCOMP PVT LTD,62,2026-08-06 00:00:00,NORTH,NEW DELHI,ABHISHEKH CHOUDHARY,Neha,CR2032 - PLAIN,BARE CELL (M0119W-LF),85.06.8010,,EVE,BATTERY,1000,12,12000,0,0,2197.8,210,37.8,14407.8,0,0,14407.8,Active
57,281874,328013212,26L13212,Line,2026-08-06 00:00:00,MULTISPAN CONTROL INSTRUMENTS PVT. LTD.,MCIPL/25-26/RP/U1/001271,2026-03-19 00:00:00,NORTH,AHMEDABAD,HARSH DOSHI,Poonam Kashyap,BZT52B5V6,"Zener Diodes Zener, SOD-123F, 5.6V, 0.5W, 2%",85.41.1000,DRZENE0018,DIOTEC,DIODE,48000,1.25,60000,0,0,10800,0,0,70800,0,0,70800,PD&E
58,281876,328013214,26L13214,Line,2026-08-06 00:00:00,MULTISPAN CONTROL INSTRUMENTS PVT. LTD.,MCIPL/26-27/RP/U1/000156(1),2026-05-19 00:00:00,NORTH,AHMEDABAD,HARSH DOSHI,Poonam Kashyap,BZT52B7V5,"Zener Diodes 500mW, 2%, Small Signal Zener Diode",85.41.1000,DRZENE0022,DIOTEC,DIODE,120000,1.34,160800,0,0,28944,0,0,189744,0,0,189744,PD&E
59,281876,328013214,26L13214,Line,2026-08-06 00:00:00,MULTISPAN CONTROL INSTRUMENTS PVT. LTD.,MCIPL/26-27/RP/U1/000156(1),2026-05-19 00:00:00,NORTH,AHMEDABAD,HARSH DOSHI,Poonam Kashyap,BZT52B30,"Zener Diodes Zener, SOD-123F, 30V, 0.5W, 2%",85.41.1000,DRZENE0027,DIOTEC,DIODE,51000,1.34,68340,0,0,12301.2,0,0,80641.2,0,0,80641.2,PD&E
60,281881,328013217,26L13217,Line,2026-08-06 00:00:00,MULTISPAN CONTROL INSTRUMENTS PVT. LTD.,MCIPL/26-27/RP/U1/000037,2026-04-17 00:00:00,NORTH,AHMEDABAD,HARSH DOSHI,Poonam Kashyap,BZT52B24,"Zener Diodes Zener, SOD-123F, 24V, 0.5W, 2%",85.41.1000,DRZENE0019,DIOTEC,DIODE,99000,1.34,132660,0,0,23878.8,0,0,156538.8,0,0,156538.8,PD&E
61,281881,328013217,26L13217,Line,2026-08-06 00:00:00,MULTISPAN CONTROL INSTRUMENTS PVT. LTD.,MCIPL/26-27/RP/U1/000037,2026-04-17 00:00:00,NORTH,AHMEDABAD,HARSH DOSHI,Poonam Kashyap,ABS15M,700V 55A SMD Single Phase Bridge Rectifier,85.41.1000,DRSCHD0026,DIOTEC,DIODE,10000,2.12,21200,0,0,3816,0,0,25016,0,0,25016,PD&E
62,281881,328013217,26L13217,Line,2026-08-06 00:00:00,MULTISPAN CONTROL INSTRUMENTS PVT. LTD.,MCIPL/26-27/RP/U1/000037,2026-04-17 00:00:00,NORTH,AHMEDABAD,HARSH DOSHI,Poonam Kashyap,MMFTN3402,"30V, MOSFET, SOT-23, SMD",85.41.1000,TRMOSF0016,DIOTEC,DIODE,21000,2.14,44940,0,0,8089.2,0,0,53029.2,0,0,53029.2,PD&E
63,281881,328013217,26L13217,Line,2026-08-06 00:00:00,MULTISPAN CONTROL INSTRUMENTS PVT. LTD.,MCIPL/26-27/RP/U1/000037,2026-04-17 00:00:00,NORTH,AHMEDABAD,HARSH DOSHI,Poonam Kashyap,BC847B,Transistor: NPN; bipolar; 45V; 100mA; 250mW; SOT23,85.41.2900,TRBJTR0034,DIOTEC,TRANSISTOR,30000,0.54,16200,0,0,2916,0,0,19116,0,0,19116,PD&E
64,281881,328013217,26L13217,Line,2026-08-06 00:00:00,MULTISPAN CONTROL INSTRUMENTS PVT. LTD.,MCIPL/26-27/RP/U1/000037,2026-04-17 00:00:00,NORTH,AHMEDABAD,HARSH DOSHI,Poonam Kashyap,BZT52C12,"Zener, SOD-123F, 12V, 0.5W, ±5%",85.41.1000,DRZENE0029,DIOTEC,DIODE,84000,1.34,112560,0,0,20260.8,0,0,132820.8,0,0,132820.8,PD&E
65,281881,328013217,26L13217,Line,2026-08-06 00:00:00,MULTISPAN CONTROL INSTRUMENTS PVT. LTD.,MCIPL/26-27/RP/U1/000037,2026-04-17 00:00:00,NORTH,AHMEDABAD,HARSH DOSHI,Poonam Kashyap,DI78L3.3UAB,Standard Regulator Pos 3.3V 0.1A 4-Pin(3+Tab) SOT-89 T/R,85.42.3100,PMLVR0034,DIOTEC,REGULATORS,40000,4.63,185200,0,0,33336,0,0,218536,0,0,218536,PD&E
66,281881,328013217,26L13217,Line,2026-08-06 00:00:00,MULTISPAN CONTROL INSTRUMENTS PVT. LTD.,MCIPL/26-27/RP/U1/000037,2026-04-17 00:00:00,NORTH,AHMEDABAD,HARSH DOSHI,Poonam Kashyap,BZT52C8V2,Diode: Zener; 370mW; 8.2V; SMD; reel tape; SOD123,85.41.1000,DRZENE0048,DIOTEC,DIODE,9000,1.15,10350,0,0,1863,0,0,12213,0,0,12213,PD&E
67,281882,328013218,26L13218,Line,2026-08-06 00:00:00,MULTISPAN CONTROL INSTRUMENTS PVT. LTD.,MCIPL/25-26/RP/U1/001095,2026-03-04 00:00:00,NORTH,AHMEDABAD,HARSH DOSHI,Poonam Kashyap,MMFTP3401,P-Channel Enhancement Model FET 1000mW 30V,85.41.2900,DRRECT0002,DIOTEC,TRANSISTOR,300000,2.05,615000,0,0,110700,0,0,725700,0,0,725700,PD&E
68,281917,328013248,26L13248,Line,2026-08-06 00:00:00,PRICOL LIMITED-Delhi,4501083070,2026-06-08 00:00:00,NORTH,NEW DELHI,ABHISHEKH CHOUDHARY,Poonam Kashyap,MMFTP2319,"MOSFET, SOT-23, -40V, -4.2A, 150C, P",85.42.3100,195750BO01A,DIOTEC,INTEGRATED CIRCUIT,3000,5.4,16200,0,0,2916,0,0,19116,0,0,19116,PD&E
69,281918,328013249,26L13249,Line,2026-08-06 00:00:00,PRICOL LIMITED-Delhi,4501083206,2026-06-09 00:00:00,NORTH,NEW DELHI,ABHISHEKH CHOUDHARY,Poonam Kashyap,MMFTP2319,"MOSFET, SOT-23, -40V, -4.2A, 150C, P",85.42.3100,195750BO01A,DIOTEC,INTEGRATED CIRCUIT,18000,5.4,97200,0,0,17496,0,0,114696,0,0,114696,PD&E
70,281922,328013252,26L13252,Line,2026-08-06 00:00:00,PRICOL LIMITED-Delhi,4501079853,2026-05-28 00:00:00,NORTH,NEW DELHI,ABHISHEKH CHOUDHARY,Poonam Kashyap,DI62063.3S1,"LDO Voltage Regulators VR, SOT-23, 7V, 3.267V, 3.333V",85.42.3100,196392BO01A,DIOTEC,REGULATORS,39000,4.58,178620,0,0,32151.6,0,0,210771.6,0,0,210771.6,PD&E
71,281926,328013256,26L13256,Line,2026-08-06 00:00:00,PRICOL LIMITED-GURGAON,4501064918,2026-03-13 00:00:00,NORTH,NEW DELHI,ABHISHEKH CHOUDHARY,Poonam Kashyap,MMFTP2319,"MOSFET, SOT-23, -40V, -4.2A, 150C, P",85.42.3100,195750BO01A,DIOTEC,INTEGRATED CIRCUIT,18000,5.4,97200,0,0,17496,0,0,114696,0,0,114696,PD&E
72,281926,328013256,26L13256,Line,2026-08-06 00:00:00,PRICOL LIMITED-GURGAON,4501064918,2026-03-13 00:00:00,NORTH,NEW DELHI,ABHISHEKH CHOUDHARY,Poonam Kashyap,MMFTP2319,"MOSFET, SOT-23, -40V, -4.2A, 150C, P",85.42.3100,195750BO01A,DIOTEC,INTEGRATED CIRCUIT,45000,5.4,243000,0,0,43740,0,0,286740,0,0,286740,PD&E
73,281930,328013260,26L13260,Line,2026-08-06 00:00:00,PRICOL LIMITED-GURGAON,4501084816,2026-06-22 00:00:00,NORTH,NEW DELHI,ABHISHEKH CHOUDHARY,Poonam Kashyap,BCX53-16,"Bipolar Transistors - BJT BJT, SOT-89, 80V, 1000mA, PNP",85.41.2900,160304BO01A,DIOTEC,TRANSISTOR,10000,1.9,19000,0,0,3420,0,0,22420,0,0,22420,PD&E
74,281944,328013272,26L13272,Line,2026-08-06 00:00:00,PRICOL LIMITED-GURGAON,4501079050,2026-05-23 00:00:00,NORTH,NEW DELHI,ABHISHEKH CHOUDHARY,Poonam Kashyap,BC817-40,"Bipolar Transistors - BJT Bipolar Transistor, SOT-23, 45V, 800mA, NPN",85.41.2900,179703BO01A,DIOTEC,DIODE,81000,0.64,51840,0,0,9331.2,0,0,61171.2,0,0,61171.2,PD&E
75,281945,328013273,26L13273,Line,2026-08-06 00:00:00,PRICOL LIMITED-GURGAON,4501084794,2026-06-20 00:00:00,NORTH,NEW DELHI,ABHISHEKH CHOUDHARY,Poonam Kashyap,BC817-40,"Bipolar Transistors - BJT Bipolar Transistor, SOT-23, 45V, 800mA, NPN",85.41.2900,119106BO01A,DIOTEC,DIODE,108000,0.65,70200,0,0,12636,0,0,82836,0,0,82836,PD&E
76,281952,328013279,26L13279,Line,2026-08-06 00:00:00,PRANAV VIKAS INDIA (PVT) LTD,6PLC00485,2026-08-04 00:00:00,NORTH,NEW DELHI,MAHESH KUMAR MITTAL,Prakash,SSW6285SC,Motor - Kawasaki,85.01.3119,FPAJ02S2A01-00-L1,PANASONIC,DC MOTOR,1000,1138.78,1138780,0,0,204980.4,0,0,1343760.4,0,0,1343760.4,PD&E
77,281955,328013281,26L13281,Line,2026-08-06 00:00:00,PRANAV VIKAS INDIA (PVT) LTD,6PLC00437,2026-07-30 00:00:00,NORTH,NEW DELHI,MAHESH KUMAR MITTAL,Prakash,SSW6229S,Motor - Suzuki,85.01.1019,FPBD01O1C12-00-L1,PANASONIC,MOTOR,4320,1023.96,4423507.2,0,0,796231.296,0,0,5219738.496,0,0,5219738.496,PD&E
78,281957,328013283,26L13283,Line,2026-08-06 00:00:00,LAN ENGINEERING & TECHNOLOGIES PRIVATE LIMITED,LAN/PO-B15/26-27/0332,2026-06-19 00:00:00,NORTH,NEW DELHI,ABHISHEKH CHOUDHARY,Palak,EG800AKCN11LC-4I-SNNSI,EG800AK_Module,85.17.6290,EG800AKCN11LC-4I-SNNSI,QUECTEL,MODULES,11000,207,2277000,0,0,410310,2500,450,2689810,0,0,2689810,Active
79,281972,328013290,26L13290,Line,2026-08-07 00:00:00,TRINITY TOUCH PVT. LTD.,510058375,2026-06-11 00:00:00,NORTH,NEW DELHI,SURAJ PANDEY,Palak,R5F10Y16ASP#10,16-BIT GENERAL MCU RL78/G10 2K 10LSSOP -40 to 85°C,85.42.3100,39911956,RENESAS,IC,3920,28.66,112347.2,0,0,20222.496,0,0,132569.696,0,0,132569.696,Active
80,281991,328013302,26L13302,Line,2026-08-07 00:00:00,PROBUS SMART THINGS PRIVATE LIMITED,PST/PO/25-26/58 .,2026-05-22 00:00:00,NORTH,NEW DELHI,KULDEEP KUMAR,Abha,LS05-BV16442,"Oil Level Sensor , Drawing No. 9500016442 Rev04",90.31.8000,OP1369,STANDEX,SENSORS,485,1380,669300,0,0,120474,0,0,789774,0,0,789774,PD&E
81,282007,328013313,26L13313,Line,2026-08-07 00:00:00,ANEVOLVE PRIVATE LIMITED-RAJASTHAN,7100000514,2026-04-23 00:00:00,NORTH,NEW DELHI,SURAJ PANDEY,Vinny,HVR20D471,VARISTOR MOV 470V 6.5KA 204J,85.33.4030,1011002121,OTHER,MOV,4800,10.71,51408,0,0,9253.44,0,0,60661.44,0,0,60661.44,
82,282007,328013313,26L13313,Line,2026-08-07 00:00:00,ANEVOLVE PRIVATE LIMITED-RAJASTHAN,7100000514,2026-04-23 00:00:00,NORTH,NEW DELHI,SURAJ PANDEY,Vinny,HVR20D471,VARISTOR MOV 470V 6.5KA 204J,85.33.4030,1011002121,OTHER,MOV,11200,10.71,119952,0,0,21591.36,0,0,141543.36,0,0,141543.36,
83,282008,328013314,26L13314,Line,2026-08-07 00:00:00,ANEVOLVE PRIVATE LIMITED-RAJASTHAN,7100004210,2026-03-26 00:00:00,NORTH,NEW DELHI,SURAJ PANDEY,Vinny,EWK1CM100D11-T,E-cap - Radial Leaded,85.32.2400,1011001223,AISHI,ELECTROLYTIC CAPACIT,6000,0.75,4500,0,0,810,0,0,5310,0,0,5310,Others
84,282008,328013314,26L13314,Line,2026-08-07 00:00:00,ANEVOLVE PRIVATE LIMITED-RAJASTHAN,7100004210,2026-03-26 00:00:00,NORTH,NEW DELHI,SURAJ PANDEY,Vinny,EWK1CM101D11-T,ELECTROLYTIC CAPACITOR_RADIAL_100 uF_16/,85.32.2400,1011001225,AISHI,ELECTROLYTIC CAPACIT,6000,0.95,5700,0,0,1026,0,0,6726,0,0,6726,Others
85,282010,328013316,26L13316,Line,2026-08-07 00:00:00,ANEVOLVE PRIVATE LIMITED-RAJASTHAN,7100004048,2026-01-31 00:00:00,NORTH,NEW DELHI,SURAJ PANDEY,Vinny,"M7, T/R",M7 rectifier diode,85.41.1000,1011000415,DIOTEC,DIODE,22500,0.43,9675,0,0,1741.5,0,0,11416.5,0,0,11416.5,PD&E
86,282010,328013316,26L13316,Line,2026-08-07 00:00:00,ANEVOLVE PRIVATE LIMITED-RAJASTHAN,7100004048,2026-01-31 00:00:00,NORTH,NEW DELHI,SURAJ PANDEY,Vinny,B32923C3225K N 1,Safety Capacitors 2.2uF 305volts,85.32.2200,1011002411,EPCOS,CAPACITORS,6240,15.53,96907.2,0,0,17443.296,0,0,114350.496,0,0,114350.496,PD&E
87,282010,328013316,26L13316,Line,2026-08-07 00:00:00,ANEVOLVE PRIVATE LIMITED-RAJASTHAN,7100004048,2026-01-31 00:00:00,NORTH,NEW DELHI,SURAJ PANDEY,Vinny,MBR20200CT,"Schottky Diodes & Rectifiers 20A, 200V, Schottky Rectifier",85.41.1000,1011001215,DIOTEC,DIODE,1000,31.28,31280,0,0,5630.4,0,0,36910.4,0,0,36910.4,PD&E
88,282010,328013316,26L13316,Line,2026-08-07 00:00:00,ANEVOLVE PRIVATE LIMITED-RAJASTHAN,7100004048,2026-01-31 00:00:00,NORTH,NEW DELHI,SURAJ PANDEY,Vinny,USL1M,1000 V 25A Rectifier Diode,85.41.1000,1011000664,DIOTEC,DIODE,12000,2.53,30360,0,0,5464.8,0,0,35824.8,0,0,35824.8,PD&E
89,282010,328013316,26L13316,Line,2026-08-07 00:00:00,ANEVOLVE PRIVATE LIMITED-RAJASTHAN,7100004048,2026-01-31 00:00:00,NORTH,NEW DELHI,SURAJ PANDEY,Vinny,DI78L12UAB,Positive Fixed Voltage Regulator 40V SOT-89,85.41.1000,1011000203,DIOTEC,DIODE,5000,4.16,20800,0,0,3744,0,0,24544,0,0,24544,PD&E
90,282138,328013426,26L13426,Line,2026-08-10 00:00:00,INDICATION INSTRUMENTS LTD,IIL-005423,2026-01-29 00:00:00,NORTH,NEW DELHI,MAHESH KUMAR MITTAL,Prakash,1N4148W-Q,SMALL SIGNAL DIODE  SOD-123F,85.41.1000,IN37.048,DIOTEC,DIODE,18000,0.72,12960,0,0,2332.8,0,0,15292.8,0,0,15292.8,PD&E
91,282145,328013433,26L13433,Line,2026-08-10 00:00:00,INDICATION INSTRUMENTS LTD,IIL-005543,2026-02-10 00:00:00,NORTH,NEW DELHI,MAHESH KUMAR MITTAL,Prakash,2SD1815SR-Q,2SD1815SR-Q - Bipolar Transistors,85.41.5000,TORD37.313,DIOTEC,TRANSISTOR,40000,7.01,280400,0,0,50472,0,0,330872,0,0,330872,PD&E
92,282148,328013435,26L13435,Line,2026-08-10 00:00:00,INDICATION INSTRUMENTS LTD,IIL-006957,2026-08-05 00:00:00,NORTH,NEW DELHI,MAHESH KUMAR MITTAL,Prakash,BR24G04F-3GTE2,EEPROM EEPROM I2C BUS(2-Wre) 4K SOP8 EEPROM,85.42.3100,MIC37.005,ROHM,EEPROM,10000,5.69,56900,0,0,10242,0,0,67142,0,0,67142,PD&E
93,282151,328013438,26L13438,Line,2026-08-10 00:00:00,INDICATION INSTRUMENTS LTD,IIL-005438,2026-02-10 00:00:00,NORTH,NEW DELHI,MAHESH KUMAR MITTAL,Prakash,MMBT7002K-Q,60V 300mA N channel MOSFET,85.41.2900,TORA37.702,DIOTEC,MOSFET,24000,1.03,24720,0,0,4449.6,0,0,29169.6,0,0,29169.6,PD&E
94,282153,328013440,26L13440,Line,2026-08-10 00:00:00,INDICATION INSTRUMENTS LTD,IIL-005542,2026-02-10 00:00:00,NORTH,NEW DELHI,MAHESH KUMAR MITTAL,Prakash,MMBT7002K-Q,60V 300mA N channel MOSFET,85.41.2900,TORA37.702,DIOTEC,MOSFET,21000,1.03,21630,0,0,3893.4,0,0,25523.4,0,0,25523.4,PD&E
95,282161,328013447,26L13447,Line,2026-08-10 00:00:00,INDICATION INSTRUMENTS LTD,IIL-000796,2024-01-17 00:00:00,NORTH,NEW DELHI,MAHESH KUMAR MITTAL,Prakash,SK16-Q,SMD SCHOTTKY DIODE 1A60V AUTO GRADESMA PACKAGE,85.41.1000,IN37.140,DIOTEC,DIODE,22500,1.33,29925,0,0,5386.5,0,0,35311.5,0,0,35311.5,PD&E
96,282163,328013449,26L13449,Line,2026-08-10 00:00:00,INDICATION INSTRUMENTS LTD,IIL-005447,2026-01-29 00:00:00,NORTH,NEW DELHI,MAHESH KUMAR MITTAL,Prakash,Z1SMA39-Q,ZENER DIODE 39VSMA1WAEC-Q200,85.41.1000,ZDV37.391,DIOTEC,DIODE,22500,3.06,68850,0,0,12393,0,0,81243,0,0,81243,PD&E
97,282163,328013449,26L13449,Line,2026-08-10 00:00:00,INDICATION INSTRUMENTS LTD,IIL-005447,2026-01-29 00:00:00,NORTH,NEW DELHI,MAHESH KUMAR MITTAL,Prakash,Z1SMA39-Q,ZENER DIODE 39VSMA1WAEC-Q200,85.41.1000,ZDV37.391,DIOTEC,DIODE,7500,3.06,22950,0,0,4131,0,0,27081,0,0,27081,PD&E
98,282165,328013451,26L13451,Line,2026-08-10 00:00:00,INDICATION INSTRUMENTS LTD,IIL-006769,2026-06-15 00:00:00,NORTH,NEW DELHI,MAHESH KUMAR MITTAL,Prakash,ZMM4.7,"Zener, SOD-80, 4.7V, 0.5W, ±5%",85.41.1000,ZD37.047,DIOTEC,DIODE,7500,0.71,5325,0,0,958.5,0,0,6283.5,0,0,6283.5,PD&E
99,282174,328013460,26L13460,Line,2026-08-10 00:00:00,INDICATION INSTRUMENTS LTD,IIL-005421,2026-02-10 00:00:00,NORTH,NEW DELHI,MAHESH KUMAR MITTAL,Prakash,"M7, T/R",M7 rectifier diode,85.41.1000,IN29.001,DIOTEC,DIODE,502500,0.425,213562.5,0,0,38441.25,0,0,252003.75,0,0,252003.75,PD&E
100,282174,328013460,26L13460,Line,2026-08-10 00:00:00,INDICATION INSTRUMENTS LTD,IIL-005421,2026-02-10 00:00:00,NORTH,NEW DELHI,MAHESH KUMAR MITTAL,Prakash,"M7, T/R",M7 rectifier diode,85.41.1000,IN29.001,DIOTEC,DIODE,292500,0.425,124312.5,0,0,22376.25,0,0,146688.75,0,0,146688.75,PD&E
101,282182,328013467,26L13467,Line,2026-08-10 00:00:00,SYRMA SGS TECHNOLOGY LTD-DELHI,4300070854,2026-01-23 00:00:00,NORTH,NEW DELHI,KULDEEP KUMAR,Abha,CR2032CKP,BATTERY LITHIUM 3.2V COIN 20MM (M0125E-LF),85.06.8010,,EVE,BATTERY,600,12,7200,0,0,1324.8,160,28.8,8684.8,0,0,8684.8,Active
102,282203,328013488,26L13488,Line,2026-08-10 00:00:00,INDICATION INSTRUMENTS LTD,IIL-005537,2026-02-10 00:00:00,NORTH,NEW DELHI,MAHESH KUMAR MITTAL,Prakash,S5M,"1000V, 5A, DO-214AB/SMC",85.41.1000,IND37.002,DIOTEC,DIODE,15000,4.84,72600,0,0,13068,0,0,85668,0,0,85668,PD&E
103,282203,328013488,26L13488,Line,2026-08-10 00:00:00,INDICATION INSTRUMENTS LTD,IIL-005537,2026-02-10 00:00:00,NORTH,NEW DELHI,MAHESH KUMAR MITTAL,Prakash,S5M,"1000V, 5A, DO-214AB/SMC",85.41.1000,IND37.002,DIOTEC,DIODE,15000,4.84,72600,0,0,13068,0,0,85668,0,0,85668,PD&E
104,282205,328013489,26L13489,Line,2026-08-10 00:00:00,INDICATION INSTRUMENTS LTD,IIL-005427,2026-01-29 00:00:00,NORTH,NEW DELHI,MAHESH KUMAR MITTAL,Prakash,S5M,"1000V, 5A, DO-214AB/SMC",85.41.1000,IND37.002,DIOTEC,DIODE,33000,4.84,159720,0,0,28749.6,0,0,188469.6,0,0,188469.6,PD&E
105,282264,328013544,26L13544,Line,2026-08-10 00:00:00,NAPINO AUTO & ELECTRONICS LTD-GURGAON,1019000913,2026-05-28 00:00:00,NORTH,NEW DELHI,ARPIT SINGH,Abha,1N5408,Diode: rectifying; THT; 1kV; 3A; Package: Ammo Pack; DO201; 1.5us,85.41.1000,A13ED00198,DIOTEC,DIODE,25500,2.84,72420,0,0,13035.6,0,0,85455.6,0,0,85455.6,PD&E
106,282272,328013552,26L13552,Line,2026-08-10 00:00:00,A.PAUL SOFTWARE SYSTEMS PRIVATE LIMITED,PODM-26-27-00883,2026-08-04 00:00:00,NORTH,NEW DELHI,SURAJ PANDEY,Abha,CR2032 - PLAIN,BARE CELL,85.06.8010,CR2032PLAIN,EVE,BATTERY,3000,10,30000,0,0,5497.2,540,97.2,36037.2,0,0,36037.2,Active
107,282276,328013556,26L13556,Line,2026-08-10 00:00:00,V-GUARD CONSUMER PRODUCTS LIMITED,6000009021,2026-06-09 00:00:00,NORTH,NEW DELHI,SANDHYA KALYAN,Poonam Kashyap,MMTV431A,"Shunt Regulator, SOT-23, 1.24V, 20V, , 125°C, 0.1mA",85.41.1000,1106769,DIOTEC,DIODE,3000,5.47,16410,0,0,2953.8,0,0,19363.8,0,0,19363.8,PD&E
108,282277,328013557,26L13557,Line,2026-08-10 00:00:00,FILM ELECTRONICS PVT LTD,E-26 / SMETPL / 084,2026-05-16 00:00:00,NORTH,NEW DELHI,DHIRENDRA PANDEY,Poonam Kashyap,MM3Z9B1,"Zener, SOD-323F, 9.1V, 0.3W, ±2%",85.41.1000,,DIOTEC,DIODE,24000,1.23,29520,0,0,5343.3,165,29.7,35028.3,0,0,35028.3,PD&E
109,282298,328013575,26L13575,Line,2026-08-10 00:00:00,ANEVOLVE PRIVATE LIMITED-RAJASTHAN,7100000510,2026-05-28 00:00:00,NORTH,NEW DELHI,SURAJ PANDEY,Vinny,K12-00Z(H),"Terminal: flat, 6.3mm, 0.8mm, male, THT, brass, tinned, straight",85.36.9090,1011001269,DEGSON,TEHEM,65000,2.47,160550,0,0,28899,0,0,189449,0,0,189449,PD&E
110,282302,328013579,26L13579,Line,2026-08-10 00:00:00,AAVOLATE TECHNOLOGIES PRIVATE LIMITED,Email ref 10-08,2026-08-10 00:00:00,NORTH,GUJARAT,HARSH DOSHI,Poonam Kashyap,R5F102A8ASP#10,16BIT MCU RL78/G12 8K 30LSSOP -40/+85C,85.42.3100,,RENESAS,INTEGRATED CIRCUIT,420,51.5,21630,0,0,3893.4,0,0,25523.4,0,0,25523.4,Active
111,282308,328013585,26L13585,Line,2026-08-10 00:00:00,AMBILIN INCORPORATE,Email ref 10-08,2026-08-10 00:00:00,NORTH,AHMEDABAD,HARSH DOSHI,Poonam Kashyap,R5F10268ASP#55,RL78/G12 MCU 8K/768K 20SSOP -40_+85C T&R,85.42.3100,,RENESAS,INTEGRATED CIRCUIT,500,39,19500,0,0,3510,0,0,23010,0,0,23010,Active
112,282308,328013585,26L13585,Line,2026-08-10 00:00:00,AMBILIN INCORPORATE,Email ref 10-08,2026-08-10 00:00:00,NORTH,AHMEDABAD,HARSH DOSHI,Poonam Kashyap,R5F102A8ASP#10,16BIT MCU RL78/G12 8K 30LSSOP -40/+85C,85.42.3100,,RENESAS,INTEGRATED CIRCUIT,630,51.5,32445,0,0,5840.1,0,0,38285.1,0,0,38285.1,Active
113,282317,328013592,26L13592,Line,2026-08-10 00:00:00,UMA POLY SOLUTIONS PVT LTD,UPS/2601597,2026-08-08 00:00:00,NORTH,NEW DELHI,KULDEEP KUMAR,Neha Chauhan,ER14250-3PF,F0007-LF,85.06.5000,EL349SM156,EVE,BATTERY,5000,44.8,224000,0,0,40500,1000,180,265500,0,0,265500,Active
114,282339,328013614,26L13614,Line,2026-08-10 00:00:00,ACCUMET SOLUTIONS,26-27/ACS 023,2026-06-19 00:00:00,NORTH,NEW DELHI,KULDEEP KUMAR,Neha Chauhan,P6SMBJ5.0CA,600W TVS Diode SMD- SMB/DO214AA,85.41.1000,P6SMBJ5.0CA,DIOTEC,DIODE,18000,3.7,66600,0,0,11988,237.21533,42.69876,78867.91409,0,0,78867.91409,PD&E
115,282339,328013614,26L13614,Line,2026-08-10 00:00:00,ACCUMET SOLUTIONS,26-27/ACS 023,2026-06-19 00:00:00,NORTH,NEW DELHI,KULDEEP KUMAR,Neha Chauhan,LDI559-05EN," Linear Voltage RegulatorConstant DC voltage regulation SOT-23-5""",85.42.3100,LDI559-05EN,DIOTEC,REGULATORS,15000,3.96,59400,0,0,10781.1,211.57043,38.08268,70341.6531,0,0,70341.6531,PD&E
116,282339,328013614,26L13614,Line,2026-08-10 00:00:00,ACCUMET SOLUTIONS,26-27/ACS 023,2026-06-19 00:00:00,NORTH,NEW DELHI,KULDEEP KUMAR,Neha Chauhan,FR1M,Diode: rectifying; SMD; 1kV; 1A; 500ns; Package: reel tape; SMA,85.41.1000,FR1M,DIOTEC,DIODE,7500,0.73,5475,0,0,985.5,19.50081,3.51015,6483.51096,0,0,6483.51096,PD&E
117,282339,328013614,26L13614,Line,2026-08-10 00:00:00,ACCUMET SOLUTIONS,26-27/ACS 023,2026-06-19 00:00:00,NORTH,NEW DELHI,KULDEEP KUMAR,Neha Chauhan,MMSZ5248B,"Zener Diodes Zener, SOD-123F, 18V, 0.5W, 5%",85.41.1000,MMSZ5248B,DIOTEC,DIODE,6000,1.25,7500,0,0,1350,26.71344,4.80842,8881.52186,0,0,8881.52186,PD&E
118,282408,328013666,26L13666,Line,2026-08-11 00:00:00,OLUS ENTERPRISES,SM/10082026/OE,2026-08-10 00:00:00,NORTH,NEW DELHI,KULDEEP KUMAR,Abha,EC200ACNHA-N06-MN0CA,LTE Module,85.17.6290,,QUECTEL,MODULES,1,1550,1550,0,0,297,100,18,1947,0,0,1947,Active
119,282431,328013687,26L13687,Line,2026-08-11 00:00:00,LUMINOUS POWER TECHNOLOGIES HP,4400075341,2026-04-29 00:00:00,NORTH,NEW DELHI,KULDEEP KUMAR,Vinny,CR1220,Coin Cell Battery,85.06.8010,150003001220,EVE,BATTERY,8000,20,160000,0,0,28944,800,144,189744,0,0,189744,Active
120,282484,328013729,26L13729,Line,2026-08-11 00:00:00,MEMIGHTY INVENTIONS PRIVATE LIMITED,MIPLPO-02002,2026-05-18 00:00:00,NORTH,NEW DELHI,HARSH DOSHI,Poonam Kashyap,ST1M,Standard receovery SMD Rectifier 1A 1000V,85.41.1000,MIPLPUR-21749/52,DIOTEC,DIODE,10000,0.71,7100,0,0,1278,0,0,8378,0,0,8378,PD&E
121,282488,328013731,26L13731,Line,2026-08-11 00:00:00,LAN ENGINEERING & TECHNOLOGIES PRIVATE LIMITED,LAN/PO-B15/26-27/0550,2026-08-05 00:00:00,NORTH,NEW DELHI,ABHISHEKH CHOUDHARY,Palak,ER14250-2PT,F0401K-LF / 3.6V1200mAH  (Wtih Tag),85.06.5000,ER14250-2PT,EVE,BATTERY,11000,42.5,467500,0,0,84150,0,0,551650,0,0,551650,Active
122,282489,328013732,26L13732,Line,2026-08-11 00:00:00,PRICOL LIMITED-GURGAON,4501089204,2026-07-10 00:00:00,NORTH,NEW DELHI,ABHISHEKH CHOUDHARY,Poonam Kashyap,ERZHF2M220D,Surge Suppressors ZNR Surge Absorbers SMD Type HF Series,85.33.4090,193850BO01A,PANASONIC,VARISTOR,54400,39.1,2127040,0,0,382867.2,0,0,2509907.2,0,0,2509907.2,PD&E
123,282490,328013733,26L13733,Line,2026-08-11 00:00:00,PRICOL LIMITED-Delhi,4501089198,2026-07-10 00:00:00,NORTH,NEW DELHI,ABHISHEKH CHOUDHARY,Poonam Kashyap,ERZHF2M220D,Surge Suppressors ZNR Surge Absorbers SMD Type HF Series,85.33.4090,193850BO01A,PANASONIC,VARISTOR,24800,39.1,969680,0,0,174542.4,0,0,1144222.4,0,0,1144222.4,PD&E
124,282491,328013734,26L13734,Line,2026-08-11 00:00:00,LAN ENGINEERING & TECHNOLOGIES PRIVATE LIMITED,LAN/P0-B15/26-27/0376,2026-07-02 00:00:00,NORTH,NEW DELHI,ABHISHEKH CHOUDHARY,Palak,ABS15Y,ABS15Y 2000V,85.41.1000,ABS15Y,DIOTEC,Rectifiers,15000,6.69,100350,0,0,18063,0,0,118413,0,0,118413,PD&E
125,282494,328013737,26L13737,Line,2026-08-11 00:00:00,RAPIDISE TECHNOLOGY PRIVATE LIMITED-GURUGRAM,6012000818,2026-07-04 00:00:00,NORTH,GUJARAT,HARSH DOSHI,Poonam Kashyap,MMBT2222A,SMD General Purpose NPN Transistor 40V SOT-23 (TO-236),85.41.1000,A14DS00262,DIOTEC,DIODE,15000,0.81,12150,0,0,2187,0,0,14337,0,0,14337,PD&E
126,282495,328013738,26L13738,Line,2026-08-11 00:00:00,HELLA INDIA AUTOMOTIVE PRIVATE LIMITED-DEL,5500012206,2025-04-15 00:00:00,NORTH,NEW DELHI,ARPIT SINGH,Neha Chauhan,MMBTRC102SS,"Digital Transistors Digital Transistor, SOT-23, 50V, 100mA",85.41.2900,799.075-58,DIOTEC,TRANSISTOR,54000,0.99,53460,0,0,9622.8,0,0,63082.8,0,0,63082.8,PD&E
127,282499,328013741,26L13741,Line,2026-08-11 00:00:00,HPL ELECTRIC & POWER GURGAON 132133,4190086817,2026-04-29 00:00:00,NORTH,NEW DELHI,KULDEEP KUMAR,Neha,ABS15Y,ABS15Y 2000V,85.41.1000,SDIN37-ABS15Y,DIOTEC,Rectifiers,40000,6.55,262000,0,0,47160,0,0,309160,0,0,309160,PD&E
128,282500,328013742,26L13742,Line,2026-08-11 00:00:00,HPL ELECTRIC & POWER GURGAON 132133,4190086817,2026-04-29 00:00:00,NORTH,NEW DELHI,KULDEEP KUMAR,Neha,ABS15Y,ABS15Y 2000V,85.41.1000,SDIN37-ABS15Y,DIOTEC,Rectifiers,40000,6.55,262000,0,0,47160,0,0,309160,0,0,309160,PD&E
129,282502,328013744,26L13744,Line,2026-08-11 00:00:00,HPL ELECTRIC & POWER GURGAON 132133,4190086289,2026-04-07 00:00:00,NORTH,NEW DELHI,KULDEEP KUMAR,Neha,ABS15Y,ABS15Y 2000V,85.41.1000,SDIN37-ABS15Y,DIOTEC,Rectifiers,30000,6.55,196500,0,0,35370,0,0,231870,0,0,231870,PD&E
130,282503,328013745,26L13745,Line,2026-08-11 00:00:00,HPL ELECTRIC & POWER GURGAON 132133,4190086015,2026-03-31 00:00:00,NORTH,NEW DELHI,KULDEEP KUMAR,Neha,ABS15Y,ABS15Y 2000V,85.41.1000,SDIN37-ABS15Y,DIOTEC,Rectifiers,40000,6.55,262000,0,0,47160,0,0,309160,0,0,309160,PD&E
131,282504,328013746,26L13746,Line,2026-08-11 00:00:00,NAPINO AUTO & ELECTRONICS LTD-GURGAON,1069000677,2026-06-30 00:00:00,NORTH,NEW DELHI,ARPIT SINGH,Abha,16 104 K 1J 1Z,0.1mfd/ 63vdc/10%,85.32.2200,A12ED00896,DEKI,BOX & DEKIBOX CAPS,15000,1.56,23400,0,0,4212,0,0,27612,0,0,27612,PD&E
132,282513,328013754,26L13754,Line,2026-08-11 00:00:00,HPL ELECTRIC & POWER GURGAON 132133,4190089583,2026-07-24 00:00:00,NORTH,NEW DELHI,KULDEEP KUMAR,Neha,ZMM30B,"Zener, SOD-80, 30V, 0.5W, ±2%",85.41.1000,SDION69-TZMB30-GS0,DIOTEC,DIODE,30000,1.33,39900,0,0,7182,0,0,47082,0,0,47082,PD&E
133,282514,328013755,26L13755,Line,2026-08-11 00:00:00,HPL ELECTRIC & POWER GURGAON 132133,4190087018,2026-05-05 00:00:00,NORTH,NEW DELHI,KULDEEP KUMAR,Neha,P6SMB350A,TVS DIODES ESD SUPPRESSORS SURF MT DO214AA 350V,85.41.1000,SDIOL13-P6SMB350A,DIOTEC,DIODE,75000,3.65,273750,0,0,49275,0,0,323025,0,0,323025,PD&E
134,282516,328013756,26L13756,Line,2026-08-11 00:00:00,HPL ELECTRIC & POWER GURGAON 132133,4190088127,2026-06-05 00:00:00,NORTH,NEW DELHI,KULDEEP KUMAR,Neha,ZMM30B,"Zener, SOD-80, 30V, 0.5W, ±2%",85.41.1000,SDION69-TZMB30-GS0,DIOTEC,DIODE,30000,1.2,36000,0,0,6480,0,0,42480,0,0,42480,PD&E
135,282537,328013760,26L13760,Line,2026-08-12 00:00:00,SYRMA SGS TECHNOLOGY LIMITED-GURUGRAM,4300068713,2026-06-13 00:00:00,NORTH,NEW DELHI,KULDEEP KUMAR,Abha,1N4007,Zener diode leaded,85.41.1000,1110005791,DIOTEC,DIODE,5000,0.89,4450,0,0,801,0,0,5251,0,0,5251,PD&E
136,282539,328013762,26L13762,Line,2026-08-12 00:00:00,SYRMA SGS TECHNOLOGY LIMITED-GURUGRAM,4300065593,2026-03-27 00:00:00,NORTH,NEW DELHI,KULDEEP KUMAR,Abha,ZMM4.7,"Zener, SOD-80, 4.7V, 0.5W, ±5%",85.41.1000,ZMM4.7,DIOTEC,DIODE,2500,0.78,1950,0,0,351,0,0,2301,0,0,2301,PD&E
137,282539,328013762,26L13762,Line,2026-08-12 00:00:00,SYRMA SGS TECHNOLOGY LIMITED-GURUGRAM,4300065593,2026-03-27 00:00:00,NORTH,NEW DELHI,KULDEEP KUMAR,Abha,ZMM6.8,ZMM6.8-DIOTEC/6.8VSOD80,85.41.1000,ZMM6.8,DIOTEC,DIODE,5000,0.78,3900,0,0,702,0,0,4602,0,0,4602,PD&E
138,282542,328013763,26L13763,Line,2026-08-12 00:00:00,TRINITY ENERGY SYSTEMS PVT LTD,RM/26-27/0356,2026-06-25 00:00:00,NORTH,GUJARAT,HARSH DOSHI,Poonam Kashyap,R5F10NPJDFB#15,16BIT MCU RL78/I1C 256K 100LFQFP -40/+85,85.42.3100,,RENESAS,INTEGRATED CIRCUIT,2160,161.2,348192,0,0,62674.56,0,0,410866.56,0,0,410866.56,Active
139,282599,328013787,26L13787,Line,2026-08-12 00:00:00,AAVOLATE TECHNOLOGIES PRIVATE LIMITED,Email ref 03-07,2026-07-06 00:00:00,NORTH,GUJARAT,HARSH DOSHI,Poonam Kashyap,R5F10268ASP#55,RL78/G12 MCU 8K/768K 20SSOP -40_+85C T&R,85.42.3100,,RENESAS,INTEGRATED CIRCUIT,500,39,19500,0,0,3510,0,0,23010,0,0,23010,Active
140,282614,328013794,26L13794,Line,2026-08-12 00:00:00,HPL ELECTRIC & POWER GURGAON 132133,4190086817,2026-04-29 00:00:00,NORTH,NEW DELHI,KULDEEP KUMAR,Neha,ABS15Y,ABS15Y 2000V,85.41.1000,SDIN37-ABS15Y,DIOTEC,Rectifiers,5000,6.55,32750,0,0,5895,0,0,38645,0,0,38645,PD&E
141,282624,328013801,26L13801,Line,2026-08-12 00:00:00,LIT INDIA PRIVATE LIMITED,300997,2026-06-24 00:00:00,NORTH,NEW DELHI,KULDEEP KUMAR,Neha Chauhan,LDI1117-3.3H,"Linear Voltage Regulator - 20V, SMD, SOT-223",85.41.1000,LDI1117-3.3H,DIOTEC,DIODE,17500,4.14,72450,0,0,13041,0,0,85491,0,0,85491,PD&E
142,282629,328013804,26L13804,Line,2026-08-12 00:00:00,HPL ELECTRIC & POWER GURGAON 132133,4190087016,2026-05-28 00:00:00,NORTH,NEW DELHI,KULDEEP KUMAR,Neha,ABS15Y,ABS15Y 2000V,85.41.1000,SDIN37-ABS15Y,DIOTEC,Rectifiers,5000,6.55,32750,0,0,5895,0,0,38645,0,0,38645,PD&E
143,282698,328013862,26L13862,Line,2026-08-12 00:00:00,MKM TECHNOLOGIES PVT LTD,MKM/PO/26-27/425,2026-05-30 00:00:00,NORTH,NEW DELHI,MAHESH KUMAR MITTAL,Neha,R5F100MFAFB#10,16-BIT GENERAL MCU RL78/G13 96K 80LFQFP -40 to 85°C,85.42.3100,R5F100MFAFB#10,RENESAS,INTEGRATED CIRCUIT,952,147,139944,0,0,25189.92,0,0,165133.92,0,0,165133.92,Active
144,282722,328013878,26L13878,Line,2026-08-13 00:00:00,FIEM INDUSTRIES LTD-ALWAR,5500008244,2026-03-20 00:00:00,NORTH,NEW DELHI,KULDEEP KUMAR,Palak,ETQP3M4R7KVP,"Power Inductors - SMD PCC Lo Pro 4.7uH 5.5x5x3mm,AEC-Q200",85.04.5090,13002745,PANASONIC,INDUCTOR,8000,17.24,137920,0,0,24825.6,0,0,162745.6,0,0,162745.6,PD&E
145,282722,328013878,26L13878,Line,2026-08-13 00:00:00,FIEM INDUSTRIES LTD-ALWAR,5500008244,2026-03-20 00:00:00,NORTH,NEW DELHI,KULDEEP KUMAR,Palak,ETQP5M100YFC,"Power Inductor (SMD), PCC-M1054M Series, 10µH, 7.1 A, Shielded, 10.7 A",85.04.5090,13002880,PANASONIC,INDUCTOR,6000,31.7,190200,0,0,34236,0,0,224436,0,0,224436,PD&E
146,282722,328013878,26L13878,Line,2026-08-13 00:00:00,FIEM INDUSTRIES LTD-ALWAR,5500008244,2026-03-20 00:00:00,NORTH,NEW DELHI,KULDEEP KUMAR,Palak,AC0805JRNPO9BN100,Multilayer Ceramic Capacitors MLCC - SMD/SMT 50 V 10 pF C0G 0805 5% AEC-Q200,85.32.2200,13000058,YAGEO,CAPACITORS,12000,0.497,5964,0,0,1073.52,0,0,7037.52,0,0,7037.52,PD&E
147,282722,328013878,26L13878,Line,2026-08-13 00:00:00,FIEM INDUSTRIES LTD-ALWAR,5500008244,2026-03-20 00:00:00,NORTH,NEW DELHI,KULDEEP KUMAR,Palak,B72207S0200K101,Varistors Varistors 20VAC 10% 7mm StandarD,85.33.4090,13000087,EPCOS,VARISTOR,6000,2.785,16710,0,0,3007.8,0,0,19717.8,0,0,19717.8,PD&E
148,282722,328013878,26L13878,Line,2026-08-13 00:00:00,FIEM INDUSTRIES LTD-ALWAR,5500008244,2026-03-20 00:00:00,NORTH,NEW DELHI,KULDEEP KUMAR,Palak,AC0805JRNPO9BN471,0805/5%/50V/NPO/0.47nF,85.32.2200,13000027,YAGEO,CAPACITORS,8000,0.497,3976,0,0,715.68,0,0,4691.68,0,0,4691.68,PD&E
149,282722,328013878,26L13878,Line,2026-08-13 00:00:00,FIEM INDUSTRIES LTD-ALWAR,5500008244,2026-03-20 00:00:00,NORTH,NEW DELHI,KULDEEP KUMAR,Palak,ETQP3M4R7KVP,"Power Inductors - SMD PCC Lo Pro 4.7uH 5.5x5x3mm,AEC-Q200",85.04.5090,13002745,PANASONIC,INDUCTOR,28000,17.24,482720,0,0,86889.6,0,0,569609.6,0,0,569609.6,PD&E
150,282722,328013878,26L13878,Line,2026-08-13 00:00:00,FIEM INDUSTRIES LTD-ALWAR,5500008244,2026-03-20 00:00:00,NORTH,NEW DELHI,KULDEEP KUMAR,Palak,ETQP4M470KVC,"Power Inductors - SMD PCC Lo Pro 47uH, 3.4A 145.2mOhm, 10.7x10x4mm,AEC-Q200",85.04.5090,13002901,PANASONIC,INDUCTOR,8000,27.84,222720,0,0,40089.6,0,0,262809.6,0,0,262809.6,PD&E
151,282780,328013928,26L13928,Line,2026-08-13 00:00:00,MAHASHAKTI ENERGY LIMITED,MEL/PO/26-27/033,2026-07-03 00:00:00,NORTH,NEW DELHI,KULDEEP KUMAR,Vinny,EC200NCNAD-N05-SNNSI,EC200N-CN(I) Module,85.17.6290,EC200NCNAD-N05-SNNSI,QUECTEL,MODULES,250,550,137500,0,0,24849,550,99,162899,0,0,162899,Active
152,282784,328013930,26L13930,Line,2026-08-13 00:00:00,HPL ELECTRIC & POWER GURGAON 132133,4190089004,,NORTH,NEW DELHI,KULDEEP KUMAR,Neha,ZMM30B,"Zener, SOD-80, 30V, 0.5W, ±2%",85.41.1000,SDION69-TZMB30-GS0,DIOTEC,DIODE,12500,1.33,16625,0,0,2992.5,0,0,19617.5,0,0,19617.5,PD&E
153,282792,328013937,26L13937,Line,2026-08-13 00:00:00,SOFTECH CONTROL SOLUTIONS,Ref Mail 12th Aug,2026-08-12 00:00:00,NORTH,NEW DELHI,SURAJ PANDEY,Abha,R5F121BCGFP#10,16-BIT GENERAL MCU RL78/G16 32K 32LQFP -40 to 105°C,85.42.3100,,RENESAS,INTEGRATED CIRCUIT,250,45,11250,0,0,2098.8,32.65487,5.87788,13313.53274,0,0,13313.53274,Active
154,282792,328013937,26L13937,Line,2026-08-13 00:00:00,SOFTECH CONTROL SOLUTIONS,Ref Mail 12th Aug,2026-08-12 00:00:00,NORTH,NEW DELHI,SURAJ PANDEY,Abha,R5F102AAASP#50,16BIT MCU RL78/G12 16K LSSOP30 -40TO+85C,85.42.3100,,RENESAS,INTEGRATED CIRCUIT,1600,58,92800,0,0,16704,269.36637,48.48595,109821.85232,0,0,109821.85232,Active
155,282792,328013937,26L13937,Line,2026-08-13 00:00:00,SOFTECH CONTROL SOLUTIONS,Ref Mail 12th Aug,2026-08-12 00:00:00,NORTH,NEW DELHI,SURAJ PANDEY,Abha,R5F12008ASN#50,16-BIT GENERAL MCU RL78/G15 8K 8SOP -40 to 85°C,85.42.3100,,RENESAS,INTEGRATED CIRCUIT,2400,15.5,37200,0,0,6696,107.97876,19.43618,44023.41494,0,0,44023.41494,Active
156,282793,328013938,26L13938,Line,2026-08-13 00:00:00,MAS TECHNOLOGY SYSTEM PRIVATE LIMITED,PO- 000194,2026-08-05 00:00:00,NORTH,NEW DELHI,SURAJ PANDEY,Neha Chauhan,BC847B,Transistor: NPN; bipolar; 45V; 100mA; 250mW; SOT23,85.41.2900,RAW0000012894,DIOTEC,TRANSISTOR,102000,0.6,61200,0,0,11016,322.6827,58.08289,72596.76558,0,0,72596.76558,PD&E
157,282793,328013938,26L13938,Line,2026-08-13 00:00:00,MAS TECHNOLOGY SYSTEM PRIVATE LIMITED,PO- 000194,2026-08-05 00:00:00,NORTH,NEW DELHI,SURAJ PANDEY,Neha Chauhan,BC857B,"BJT, SOT-23, 45V, 100mA, PNP, 0.25W, 150°C",85.41.2100,RAW0000012893,DIOTEC,DIODE,57000,0.59,33630,0,0,6143.4,177.3173,31.91711,39892.63442,0,0,39892.63442,PD&E
158,282798,328013942,26L13942,Line,2026-08-13 00:00:00,WHITELION SYSTEMS PVT LTD,PO-2987,2026-08-12 00:00:00,NORTH,GUJARAT,HARSH DOSHI,Poonam Kashyap,1N4148W,Diode: switching; SMD; 100V; 0.15A; 4ns; 400mW,85.41.1000,,DIOTEC,DIODE,18000,0.68,12240,0,0,2203.2,0,0,14443.2,0,0,14443.2,PD&E
159,282800,328013944,26L13944,Line,2026-08-13 00:00:00,WHITELION SYSTEMS PVT LTD,PO-2553,2026-04-23 00:00:00,NORTH,GUJARAT,HARSH DOSHI,Poonam Kashyap,UCS2W220MHD,22MFD/450V/105D/10000HRS/16X25,85.32.2200,CAP 22UF 450V RADIAL,NICHICON,ELECTROLYTIC CAPACIT,3000,19.25,57750,0,0,10395,0,0,68145,0,0,68145,PD&E
160,282810,328013950,26L13950,Line,2026-08-13 00:00:00,NIKHAN CONTROLS OPC PVT LTD,NC-26-27-/92,2026-06-15 00:00:00,NORTH,NEW DELHI,MAHESH KUMAR MITTAL,Abha,NFM41CC222R2A3L,Feed Through Capacitors 2200PF 100V 0.3A EMI,85.32.2200,,MURATA,CAPACITORS,20000,8,160000,0,0,28800,0,0,188800,0,0,188800,PD&E
161,282812,328013952,26L13952,Line,2026-08-13 00:00:00,NIKHAN CONTROLS OPC PVT LTD,NC/25-26/602,2026-03-16 00:00:00,NORTH,NEW DELHI,MAHESH KUMAR MITTAL,Abha,BR24G256FJ-3GTE2,EEPROM I2C BUS(2-Wre) 256K SOP-J8,85.42.3100,,ROHM,EEPROM,2500,10.34,25850,0,0,4653,0,0,30503,0,0,30503,PD&E
162,282814,328013954,26L13954,Line,2026-08-13 00:00:00,NIKHAN CONTROLS OPC PVT LTD,NC-26-27-/131,2026-08-12 00:00:00,NORTH,NEW DELHI,MAHESH KUMAR MITTAL,Abha,R7FA6M1AD3CFP#AA0,MCU RA6 ARM CM4 120MHZ 512K/256K QFP100#AA0,85.42.3100,R7FA6M1AD3CFP#AA0,RENESAS,INTEGRATED CIRCUIT,540,290,156600,0,0,28288.8,560,100.8,185448.8,0,0,185448.8,Active
163,282839,328013975,26L13975,Line,2026-08-13 00:00:00,ANEVOLVE PRIVATE LIMITED-RAJASTHAN,7100000510,2026-05-28 00:00:00,NORTH,NEW DELHI,SURAJ PANDEY,Vinny,K12-00Z(H),"Terminal: flat, 6.3mm, 0.8mm, male, THT, brass, tinned, straight",85.36.9090,1011001269,DEGSON,TEHEM,5000,2.47,12350,0,0,2223,0,0,14573,0,0,14573,PD&E
164,282845,328013981,26L13981,Line,2026-08-13 00:00:00,MACHNO TECH PVT LTD,MT/020/26-27,2026-04-17 00:00:00,NORTH,AHMEDABAD,HARSH DOSHI,Poonam Kashyap,DRUM-IND-6-8-250mA-1.5mH,DRUM-IND-6-8-250mA-1.5mH,85.04.5090,,ITP ROHS,OTHERS,11856,4,47424,0,0,8536.32,0,0,55960.32,0,0,55960.32,PD&E
165,282846,328013982,26L13982,Line,2026-08-13 00:00:00,MACHNO TECH PVT LTD,MT/195/25-26,2026-01-28 00:00:00,NORTH,AHMEDABAD,HARSH DOSHI,Poonam Kashyap,UVY2W4R7MPD,Aluminium Electrolytic Capacitors - Radial Leaded 450volts 4.7uF 10x12.5 '20% 5LS,85.32.2200,,NICHICON,ELECTROLYTIC CAPACIT,4000,8.11,32440,0,0,5839.2,0,0,38279.2,0,0,38279.2,PD&E
166,282870,328014002,26L14002,Line,2026-08-13 00:00:00,GINIX ASSEMBLIES PRIVATE LIMITED,SM/13082026/GAPL,2026-08-13 00:00:00,NORTH,NEW DELHI,MAHESH KUMAR MITTAL,Abha,R5F104BCAFP#10,16-BIT GENERAL MCU RL78/G14 32K 32LQFP -40 to 85°C,85.42.3100,,RENESAS,INTEGRATED CIRCUIT,250,85,21250,0,0,3825,0,0,25075,0,0,25075,Active
167,282876,328014008,26L14008,Line,2026-08-13 00:00:00,FIEM INDUSTRIES LTD,5500008044,2026-03-20 00:00:00,NORTH,NEW DELHI,KULDEEP KUMAR,Palak,B72210S0301K101,Varistors 300VAC 10% 10mm StandarD,85.33.4090,13000256,EPCOS,VARISTOR,9000,3.68,33120,0,0,5961.6,0,0,39081.6,0,0,39081.6,PD&E
168,282876,328014008,26L14008,Line,2026-08-13 00:00:00,FIEM INDUSTRIES LTD,5500008044,2026-03-20 00:00:00,NORTH,NEW DELHI,KULDEEP KUMAR,Palak,BZV55B2V4 L0G,DIODE ZENER 2.4V 500MW MINI MELF,85.41.1000,13000090,TAIWAN SEMI,DIODE,20000,1.193,23860,0,0,4294.8,0,0,28154.8,0,0,28154.8,PD&E
169,282876,328014008,26L14008,Line,2026-08-13 00:00:00,FIEM INDUSTRIES LTD,5500008044,2026-03-20 00:00:00,NORTH,NEW DELHI,KULDEEP KUMAR,Palak,ETQP4M470KVC,"Power Inductors - SMD PCC Lo Pro 47uH, 3.4A 145.2mOhm, 10.7x10x4mm,AEC-Q200",85.04.5090,13002901,PANASONIC,INDUCTOR,13000,27.84,361920,0,0,65145.6,0,0,427065.6,0,0,427065.6,PD&E
170,282879,328014010,26L14010,Line,2026-08-13 00:00:00,JNS INSTRUMENTS LIMITED,5500005853-1,2026-04-16 00:00:00,NORTH,NEW DELHI,ARPIT SINGH,Prakash,Z1SMA18,"Zener Diodes Zener, SMA, 18V, 1W, 5%",85.41.1000,CP-SM-DIO-I-21411B,DIOTEC,DIODE,97500,2.64,257400,0,0,46332,0,0,303732,0,0,303732,PD&E
171,282879,328014010,26L14010,Line,2026-08-13 00:00:00,JNS INSTRUMENTS LIMITED,5500005853-1,2026-04-16 00:00:00,NORTH,NEW DELHI,ARPIT SINGH,Prakash,Z1SMA18,"Zener Diodes Zener, SMA, 18V, 1W, 5%",85.41.1000,CP-SM-DIO-I-21411B,DIOTEC,DIODE,37500,2.64,99000,0,0,17820,0,0,116820,0,0,116820,PD&E
172,282880,328014011,26L14011,Line,2026-08-13 00:00:00,HPL ELECTRIC & POWER GURGAON 132133,4190089583,2026-07-24 00:00:00,NORTH,NEW DELHI,KULDEEP KUMAR,Neha,BAS21,200mA small signal Diode,85.41.1000,SDION67-BAS20,DIOTEC,DIODE,69000,0.9,62100,0,0,11178,0,0,73278,0,0,73278,PD&E
173,282881,328014012,26L14012,Line,2026-08-13 00:00:00,AXPERT ENTERPRISE,Email Ref 21-07,2026-07-21 00:00:00,NORTH,GUJARAT,HARSH DOSHI,Poonam Kashyap,LDI1117-05H,LDI1117-05H,85.41.1000,,DIOTEC,DIODE,10000,3.94,39400,0,0,7092,0,0,46492,0,0,46492,PD&E
174,282882,328014013,26L14013,Line,2026-08-13 00:00:00,MULTISPAN CONTROL INSTRUMENTS PVT. LTD.,MCIPL/25-26/RP/U1/000746,2025-11-10 00:00:00,NORTH,AHMEDABAD,HARSH DOSHI,Poonam Kashyap,R5F10EGEAFB#50,16-BIT GENERAL MCU RL78/G1A 64K 48LFQFP -40 to 85°C,85.42.3100,MI48PN0001,RENESAS,INTEGRATED CIRCUIT,10000,63.12,631200,0,0,113616,0,0,744816,0,0,744816,Active
175,282883,328014014,26L14014,Line,2026-08-13 00:00:00,MULTISPAN CONTROL INSTRUMENTS PVT. LTD.,MCIPL/25-26/RP/U1/001017,2026-01-07 00:00:00,NORTH,AHMEDABAD,HARSH DOSHI,Poonam Kashyap,R5F100GEAFB#50,16BIT MCU RL78/G13 64K/4K QFP48,85.42.3100,MI48PN0002,RENESAS,MICROCONTROLLER,8000,64.71,517680,0,0,93182.4,0,0,610862.4,0,0,610862.4,Active
176,282884,328014015,26L14015,Line,2026-08-13 00:00:00,MULTISPAN CONTROL INSTRUMENTS PVT. LTD.,MCIPL/25-26/RP/U1/001271,2026-03-19 00:00:00,NORTH,AHMEDABAD,HARSH DOSHI,Poonam Kashyap,BC857B,"BJT, SOT-23, 45V, 100mA, PNP, 0.25W, 150°C",85.41.2100,TRBJTR0035,DIOTEC,DIODE,198000,0.58,114840,0,0,20671.2,0,0,135511.2,0,0,135511.2,PD&E
177,282885,328014016,26L14016,Line,2026-08-13 00:00:00,MULTISPAN CONTROL INSTRUMENTS PVT. LTD.,MCIPL/26-27/RP/U1/ 000037,2026-04-17 00:00:00,NORTH,AHMEDABAD,HARSH DOSHI,Poonam Kashyap,UF4007,Rectifiers 1000V 1a Rectifier Glass Passivated,85.41.1000,DRSCHD0005,DIOTEC,DIODE,10000,1.34,13400,0,0,2412,0,0,15812,0,0,15812,PD&E
178,282887,328014017,26L14017,Line,2026-08-13 00:00:00,GENUS POWER INFRASTRUCTURES LTD,1430048407,2026-07-16 00:00:00,NORTH,NEW DELHI,KULDEEP KUMAR,Prakash,BAT54C,small signal schottky diode,85.41.1000,RMDIO00000331,DIOTEC,DIODE,399000,0.63,251370,0,0,45246.6,0,0,296616.6,0,0,296616.6,PD&E
179,282888,328014018,26L14018,Line,2026-08-13 00:00:00,MULTISPAN CONTROL INSTRUMENTS PVT. LTD.,MCIPL/26-27/RP/U1/000156(1),2026-05-19 00:00:00,NORTH,AHMEDABAD,HARSH DOSHI,Poonam Kashyap,LL4148,SOD-80,85.41.1000,DRRECT0027,DIOTEC,DIODE,600000,0.44,264000,0,0,47520,0,0,311520,0,0,311520,PD&E
180,282889,328014019,26L14019,Line,2026-08-13 00:00:00,MULTISPAN CONTROL INSTRUMENTS PVT. LTD.,MCIPL/26-27/RP/U1/000037,2026-04-17 00:00:00,NORTH,AHMEDABAD,HARSH DOSHI,Poonam Kashyap,1N4007,Zener diode leaded,85.41.1000,DRRECT0001,DIOTEC,DIODE,30000,0.9,27000,0,0,4860,0,0,31860,0,0,31860,PD&E
181,282889,328014019,26L14019,Line,2026-08-13 00:00:00,MULTISPAN CONTROL INSTRUMENTS PVT. LTD.,MCIPL/26-27/RP/U1/000037,2026-04-17 00:00:00,NORTH,AHMEDABAD,HARSH DOSHI,Poonam Kashyap,BZT52B7V5,"Zener Diodes 500mW, 2%, Small Signal Zener Diode",85.41.1000,DRZENE0022,DIOTEC,DIODE,60000,1.34,80400,0,0,14472,0,0,94872,0,0,94872,PD&E
182,282889,328014019,26L14019,Line,2026-08-13 00:00:00,MULTISPAN CONTROL INSTRUMENTS PVT. LTD.,MCIPL/26-27/RP/U1/000037,2026-04-17 00:00:00,NORTH,AHMEDABAD,HARSH DOSHI,Poonam Kashyap,MMSZ5250B,"Zener, SOD-123F, 20V, 0.5W, ±5%",85.41.1000,DRZENE0045,DIOTEC,DIODE,18000,1.21,21780,0,0,3920.4,0,0,25700.4,0,0,25700.4,PD&E
183,282889,328014019,26L14019,Line,2026-08-13 00:00:00,MULTISPAN CONTROL INSTRUMENTS PVT. LTD.,MCIPL/26-27/RP/U1/000037,2026-04-17 00:00:00,NORTH,AHMEDABAD,HARSH DOSHI,Poonam Kashyap,BZT52B5V6,"Zener Diodes Zener, SOD-123F, 5.6V, 0.5W, 2%",85.41.1000,DRZENE0018,DIOTEC,DIODE,60000,1.34,80400,0,0,14472,0,0,94872,0,0,94872,PD&E
184,282889,328014019,26L14019,Line,2026-08-13 00:00:00,MULTISPAN CONTROL INSTRUMENTS PVT. LTD.,MCIPL/26-27/RP/U1/000037,2026-04-17 00:00:00,NORTH,AHMEDABAD,HARSH DOSHI,Poonam Kashyap,BC847B,Transistor: NPN; bipolar; 45V; 100mA; 250mW; SOT23,85.41.2900,TRBJTR0034,DIOTEC,TRANSISTOR,273000,0.54,147420,0,0,26535.6,0,0,173955.6,0,0,173955.6,PD&E
185,282891,328014020,26L14020,Line,2026-08-13 00:00:00,GENUS POWER INFRASTRUCTURES LTD,1430048573,2026-08-13 00:00:00,NORTH,NEW DELHI,KULDEEP KUMAR,Prakash,MMSZ5240B,ZENER DIODES ZENER DIODES 10V 500MW,85.41.1000,RMDIO00000275,DIOTEC,DIODE,69000,0.97,66930,0,0,12047.4,0,0,78977.4,0,0,78977.4,PD&E
186,282893,328014021,26L14021,Line,2026-08-13 00:00:00,GENUS POWER JAIPUR,1420035389,2026-06-16 00:00:00,NORTH,JAIPUR,KULDEEP KUMAR,Prakash,BAT54C,small signal schottky diode,85.41.1000,RMDIO00000331,DIOTEC,DIODE,102000,0.63,64260,0,0,11566.8,0,0,75826.8,0,0,75826.8,PD&E
187,282895,328014022,26L14022,Line,2026-08-13 00:00:00,GENUS POWER JAIPUR,1420035372,2026-06-17 00:00:00,NORTH,JAIPUR,KULDEEP KUMAR,Prakash,MMSZ5240B,ZENER DIODES ZENER DIODES 10V 500MW,85.41.1000,RMDIO00000275,DIOTEC,DIODE,75000,0.97,72750,0,0,13095,0,0,85845,0,0,85845,PD&E
188,282896,328014023,26L14023,Line,2026-08-13 00:00:00,GENUS POWER INFRASTRUCTURES LTD,1430048573,2026-08-13 00:00:00,NORTH,NEW DELHI,KULDEEP KUMAR,Prakash,MMSZ5240B,ZENER DIODES ZENER DIODES 10V 500MW,85.41.1000,RMDIO00000275,DIOTEC,DIODE,270000,0.97,261900,0,0,47142,0,0,309042,0,0,309042,PD&E
189,282898,328014024,26L14024,Line,2026-08-13 00:00:00,LUMAX INDUSTRIES LIMITED,5500001582,2025-04-30 00:00:00,NORTH,NEW DELHI,MAHESH KUMAR MITTAL,Prakash,BZT52C18-AQ,ZENER DIODE 17V  500MW SMD,85.41.1000,12023136,DIOTEC,DIODE,141000,1.13,159330,0,0,28679.4,0,0,188009.4,0,0,188009.4,PD&E
190,282927,328014045,26L14045,Line,2026-08-14 00:00:00,VOLTEX CONTROLS,Email ref 26-02,2026-02-26 00:00:00,NORTH,AHMEDABAD,HARSH DOSHI,Poonam Kashyap,R5F100ACASP#50,16-BIT GENERAL MCU RL78/G13 32K 30LSSOP -40 to 85°C,85.42.3100,,RENESAS,INTEGRATED CIRCUIT,2500,44.5,111250,0,0,20025,0,0,131275,0,0,131275,Active
191,282928,328014046,26L14046,Line,2026-08-14 00:00:00,AXPERT ENTERPRISE,Email ref 18-06,2026-06-19 00:00:00,NORTH,GUJARAT,HARSH DOSHI,Poonam Kashyap,R5F100ACASP#50,16-BIT GENERAL MCU RL78/G13 32K 30LSSOP -40 to 85°C,85.42.3100,,RENESAS,INTEGRATED CIRCUIT,5000,33.25,166250,0,0,29925,0,0,196175,0,0,196175,Active
192,282939,328014056,26L14056,Line,2026-08-14 00:00:00,INDICATION INSTRUMENTS LTD,IIL-005677,2026-03-12 00:00:00,NORTH,NEW DELHI,MAHESH KUMAR MITTAL,Prakash,BCP56-16-Q,"BJT, SOT-223, 80V, 1000mA, NPN, 2W, 150°C",85.41.2900,TORB37.056,DIOTEC,DIODE,24000,3.29,78960,0,0,14212.8,0,0,93172.8,0,0,93172.8,PD&E
193,282973,328014084,26L14084,Line,2026-08-14 00:00:00,UNIVERSAL INDUSTRIES,Email ref 13-08,2026-08-13 00:00:00,NORTH,AHMEDABAD,HARSH DOSHI,Poonam Kashyap,BA159,Diode: rectifying; THT; 1kV; 1A; Package: Ammo Pack; DO41; 300ns,85.41.1000,,DIOTEC,DIODE,15000,1.15,17250,0,0,3105,0,0,20355,0,0,20355,PD&E
194,282992,328014102,26L14102,Line,2026-08-14 00:00:00,LOGIC FRUIT TECHNOLOGIES PRIVATE LIMITED,LFTGGNR&L/00019/2026,2026-07-27 00:00:00,NORTH,NEW DELHI,MAHESH KUMAR MITTAL,Abha,LT8618SXB,Low power HDMI1.4 transmitter,85.42.3100,,OTHER,INTEGRATED CIRCUIT,21,957,20097,0,0,3680.46,350,63,24127.46,0,0,24127.46,
195,283002,328014111,26L14111,Line,2026-08-14 00:00:00,UMA POLY SOLUTIONS PVT LTD,UPS/2600369,2026-04-27 00:00:00,NORTH,NEW DELHI,KULDEEP KUMAR,Neha Chauhan,JBD506424AG1C,LCD (L x W) = 56.7 x 24 mmBacklight (L x W) = 57 x 24 mm,85.24.9990,EL380SM024,JODING,LCD,15000,8,120000,0,0,21600,965.03497,173.70629,142738.74126,0,0,142738.74126,Others
196,283002,328014111,26L14111,Line,2026-08-14 00:00:00,UMA POLY SOLUTIONS PVT LTD,UPS/2600369,2026-04-27 00:00:00,NORTH,NEW DELHI,KULDEEP KUMAR,Neha Chauhan,JBD506424AG1C,LCD (L x W) = 56.7 x 24 mmBacklight (L x W) = 57 x 24 mm,85.24.9990,EL380SM024,JODING,LCD,15,8,120,0,0,21.6,0.96503,0.17371,142.73874,0,0,142.73874,Others
197,283002,328014111,26L14111,Line,2026-08-14 00:00:00,UMA POLY SOLUTIONS PVT LTD,UPS/2600369,2026-04-27 00:00:00,NORTH,NEW DELHI,KULDEEP KUMAR,Neha Chauhan,JBD506424AG1C,LCD (L x W) = 56.7 x 24 mmBacklight (L x W) = 57 x 24 mm,85.24.9990,EL380SM024,JODING,LCD,10010,8,80080,0,0,14704.2,644,115.92,95254.32,0,0,95254.32,Others
198,283003,328014112,26L14112,Line,2026-08-14 00:00:00,GENUS POWER JAIPUR,1420035071,2026-05-05 00:00:00,NORTH,JAIPUR,KULDEEP KUMAR,Prakash,LDI559-3.3EN," Linear Voltage RegulatorConstant DC voltage regulation SMD SOT-23-5  """,85.42.3100,RMICC00000869,DIOTEC,REGULATORS,93000,2.57,239010,0,0,43021.8,0,0,282031.8,0,0,282031.8,PD&E
199,283004,328014113,26L14113,Line,2026-08-14 00:00:00,GENUS POWER JAIPUR,1420035295,2026-06-02 00:00:00,NORTH,JAIPUR,KULDEEP KUMAR,Prakash,LDI559-3.3EN," Linear Voltage RegulatorConstant DC voltage regulation SMD SOT-23-5  """,85.42.3100,RMICC00000869,DIOTEC,REGULATORS,228000,2.57,585960,0,0,105472.8,0,0,691432.8,0,0,691432.8,PD&E
200,283004,328014113,26L14113,Line,2026-08-14 00:00:00,GENUS POWER JAIPUR,1420035295,2026-06-02 00:00:00,NORTH,JAIPUR,KULDEEP KUMAR,Prakash,LDI559-3.3EN," Linear Voltage RegulatorConstant DC voltage regulation SMD SOT-23-5  """,85.42.3100,RMICC00000869,DIOTEC,REGULATORS,42000,2.57,107940,0,0,19429.2,0,0,127369.2,0,0,127369.2,PD&E
201,283011,328014119,26L14119,Line,2026-08-14 00:00:00,GENUS POWER JAIPUR,1420035389,2026-06-16 00:00:00,NORTH,JAIPUR,KULDEEP KUMAR,Prakash,BAT54C,small signal schottky diode,85.41.1000,RMDIO00000331,DIOTEC,DIODE,90000,0.63,56700,0,0,10206,0,0,66906,0,0,66906,PD&E
202,283012,328014120,26L14120,Line,2026-08-14 00:00:00,CABCON TECHNOLOGIES PRIVATE LIMITED,CTPL/2627/00037,2026-06-24 00:00:00,NORTH,NEW DELHI,KULDEEP KUMAR,Neha Chauhan,BLM18PG600SN1D,Ferrite Beads 60 OHM 25%,85.05.1110,BLM18PG600SN1D,MURATA,FERRITE BEAD,4000,1.08,4320,0,0,777.6,44.44444,8,5150.04444,0,0,5150.04444,PD&E
203,283012,328014120,26L14120,Line,2026-08-14 00:00:00,CABCON TECHNOLOGIES PRIVATE LIMITED,CTPL/2627/00037,2026-06-24 00:00:00,NORTH,NEW DELHI,KULDEEP KUMAR,Neha Chauhan,BLM18BA100SH1D,Ferrite Beads 10 OHM 25%,85.05.1110,BLM18BA100SH1D,MURATA,FERRITE BEAD,4000,1.35,5400,0,0,990,55.55556,10,6437.55556,0,0,6437.55556,PD&E
204,283013,328014121,26L14121,Line,2026-08-14 00:00:00,UMA POLY SOLUTIONS PVT LTD,UPS/2600369,2026-04-27 00:00:00,NORTH,NEW DELHI,KULDEEP KUMAR,Neha Chauhan,CT817D(S)(T1)-HG,DC  Input  4-Pin  Phototransistor  Optocoupler - SMD package  - Green Material - Iron Lead,85.41.2900,EL383SM003,CT MICRO,OPTO COUPLER,15000,1.9,28500,0,0,5130,101.27932,18.23028,33749.50959,0,0,33749.50959,PD&E
205,283013,328014121,26L14121,Line,2026-08-14 00:00:00,UMA POLY SOLUTIONS PVT LTD,UPS/2600369,2026-04-27 00:00:00,NORTH,NEW DELHI,KULDEEP KUMAR,Neha Chauhan,US1M,1A  100V ultrafast recovery Diode,85.41.1000,EL380SM020,DIOTEC,DIODE,15000,1.22,18300,0,0,3330,65.03198,11.70576,21670.73774,0,0,21670.73774,PD&E
206,283013,328014121,26L14121,Line,2026-08-14 00:00:00,UMA POLY SOLUTIONS PVT LTD,UPS/2600369,2026-04-27 00:00:00,NORTH,NEW DELHI,KULDEEP KUMAR,Neha Chauhan,MMTL431AR,Adjustable Precision Shunt Regulator (Reverse) SOT-23 (TO-236),85.41.1000,EL388SM023,DIOTEC,DIODE,6000,1.58,9480,0,0,1706.4,33.6887,6.06397,11226.15267,0,0,11226.15267,PD&E
207,283015,328014123,26L14123,Line,2026-08-14 00:00:00,MKM TECHNOLOGIES PVT LTD,MKM/PO/26-27/513,2026-06-11 00:00:00,NORTH,NEW DELHI,MAHESH KUMAR MITTAL,Neha,JBY207152AW3C,BACKLIGHT,85.31.8000,JBY207152AW3C,JODING,BACK LIGHT,15000,34.58,518700,0,0,93366,0,0,612066,0,0,612066,Others
208,283037,328014138,26L14138,Line,2026-08-17 00:00:00,SYRMA JOHARI MEDTECH LIMITED,RD2627 - 57,2026-08-11 00:00:00,NORTH,NEW DELHI,DHIRENDRA PANDEY,Abha,EC200ACNHA-N06-MN0CA,LTE Module,85.17.6290,50SEC06489 / 4G Module,QUECTEL,MODULES,2,1550,3100,0,0,558,0,0,3658,0,0,3658,Active
209,283062,328014157,26L14157,Line,2026-08-17 00:00:00,ABC POWER SOLUTIONS,PO/26-27/6,2026-07-07 00:00:00,NORTH,NEW DELHI,DHIRENDRA PANDEY,Neha Chauhan,EC25EFA-MINIPCIE,LTE MODULE,85.17.6290,EC25EFA-MINIPCIE,QUECTEL,MODULES,20,5950,119000,0,0,21510,500,90,141010,0,0,141010,Active
210,283072,328014167,26L14167,Line,2026-08-17 00:00:00,INDICATION INSTRUMENTS LTD,IIL-007032,2026-08-17 00:00:00,NORTH,NEW DELHI,MAHESH KUMAR MITTAL,Prakash,AL1M,Diode: rectifying; SMD; 1kV; 1A; 1.5us; Package: reel tape; MiniMELF,85.41.1000,IN37.007,DIOTEC,DIODE,20000,2.35,47000,0,0,8460,0,0,55460,0,0,55460,PD&E
211,283121,328014212,26L14212,Line,2026-08-17 00:00:00,SUNRISE EMBEDDED SOLUTIONS PVT LTD,PO02783/Sunrise,2026-06-12 00:00:00,NORTH,NEW DELHI,ABHISHEKH CHOUDHARY,Abha,LGG2W331MELENS,"330uF, 450V 105C 1640mAmp @ 120Hz 2000hrs",85.32.2200,,NICHICON,ELECTROLYTIC CAPACIT,1000,145,145000,0,0,26100,0,0,171100,0,0,171100,PD&E
212,283273,328014341,26L14341,Line,2026-08-18 00:00:00,HAVELLS INDIA LIMITED,4506007524,2026-05-02 00:00:00,NORTH,NEW DELHI,KULDEEP KUMAR,Neha Chauhan,PAC5256QX,"Motor/Motion/Ignition Controllers & Drivers 600V DC/DC 50MHz M0, 32kB FLASH",85.42.3100,CELUOX0445,QORVO-PPM,DRIVER,4800,138,662400,0,0,119232,0,0,781632,0,0,781632,Active
213,283275,328014343,26L14343,Line,2026-08-18 00:00:00,HAVELLS INDIA LIMITED,4505972516,2026-04-01 00:00:00,NORTH,NEW DELHI,KULDEEP KUMAR,Neha Chauhan,PAC5256QX,"Motor/Motion/Ignition Controllers & Drivers 600V DC/DC 50MHz M0, 32kB FLASH",85.42.3100,CELUOX0445,QORVO-PPM,DRIVER,7200,138,993600,0,0,178848,0,0,1172448,0,0,1172448,Active
214,283316,328014381,26L14381,Line,2026-08-18 00:00:00,CUBE POWER INDIA,PO-CP/0023,2026-06-22 00:00:00,NORTH,GUJARAT,HARSH DOSHI,Poonam Kashyap,MMTL431A,Adjustable Precision Shunt Regulator SOT-23 (TO-236),85.41.1000,,DIOTEC,DIODE,30000,1.65,49500,0,0,8910,0,0,58410,0,0,58410,PD&E
215,283318,328014383,26L14383,Line,2026-08-18 00:00:00,LAN ENGINEERING & TECHNOLOGIES PRIVATE LIMITED,LAN/PO-B15/26-27/0040,2026-04-22 00:00:00,NORTH,NEW DELHI,ABHISHEKH CHOUDHARY,Palak,"M7, T/R",M7 rectifier diode,85.41.1000,"M7, T/R",DIOTEC,DIODE,52500,0.42,22050,0,0,3969,0,0,26019,0,0,26019,PD&E
216,283363,328014409,26L14409,Line,2026-08-19 00:00:00,BENTEC INDIA LIMITED,BIL/PUR/522/25-26,2025-12-10 00:00:00,NORTH,NEW DELHI,ARPIT SINGH,Neha Chauhan,BC857B,Transistor: 45V; 100mA; 250mW; SOT23,85.41.2900,SPSM10TRBC857BXXXX,DIOTEC,DIODE,51000,0.59,30090,0,0,5416.2,0,0,35506.2,0,0,35506.2,PD&E
217,283364,328014410,26L14410,Line,2026-08-19 00:00:00,BENTEC INDIA LIMITED,BIL/PUR/582/25-26,2026-01-28 00:00:00,NORTH,NEW DELHI,ARPIT SINGH,Neha Chauhan,ER14250-3PF,ER14250-3PF ( F0007-LF),85.06.5000,SPSM15BAER14250PIN3,EVE,BATTERY,20000,45.5,910000,0,0,163800,0,0,1073800,0,0,1073800,Active
218,283365,328014411,26L14411,Line,2026-08-19 00:00:00,BENTEC INDIA LIMITED,BIL/PUR/650/25-26,2026-03-06 00:00:00,NORTH,NEW DELHI,ARPIT SINGH,Neha Chauhan,UHW1E332MHD6,Aluminium Electrolytic Capacitors - Radial Leaded 3300uF 25 Volts 20%,85.32.2200,SPSM08CA3300UF25VX,NICHICON,ELECTROLYTIC CAPACIT,38200,20.4,779280,0,0,140270.4,0,0,919550.4,0,0,919550.4,PD&E
219,283365,328014411,26L14411,Line,2026-08-19 00:00:00,BENTEC INDIA LIMITED,BIL/PUR/650/25-26,2026-03-06 00:00:00,NORTH,NEW DELHI,ARPIT SINGH,Neha Chauhan,UHW1E332MHD6,Aluminium Electrolytic Capacitors - Radial Leaded 3300uF 25 Volts 20%,85.32.2200,SPSM08CA3300UF25VX,NICHICON,ELECTROLYTIC CAPACIT,72800,20.4,1485120,0,0,267321.6,0,0,1752441.6,0,0,1752441.6,PD&E
220,283366,328014412,26L14412,Line,2026-08-19 00:00:00,BENTEC INDIA LIMITED,BIL/PUR/607/25-26,2026-02-09 00:00:00,NORTH,NEW DELHI,ARPIT SINGH,Neha Chauhan,BC847B,Transistor: NPN; bipolar; 45V; 100mA; 250mW; SOT23,85.41.2900,BC847B,DIOTEC,TRANSISTOR,879000,0.55,483450,0,0,87021,1690.51094,304.29197,572465.80291,0,0,572465.80291,PD&E
221,283366,328014412,26L14412,Line,2026-08-19 00:00:00,BENTEC INDIA LIMITED,BIL/PUR/607/25-26,2026-02-09 00:00:00,NORTH,NEW DELHI,ARPIT SINGH,Neha Chauhan,S1M,Diode: rectifying; SMD; 1kV; 1A; 1.5us,85.41.1000,S1M,DIOTEC,DIODE,172500,0.72,124200,0,0,22356,434.29819,78.17367,147068.47186,0,0,147068.47186,PD&E
222,283366,328014412,26L14412,Line,2026-08-19 00:00:00,BENTEC INDIA LIMITED,BIL/PUR/607/25-26,2026-02-09 00:00:00,NORTH,NEW DELHI,ARPIT SINGH,Neha Chauhan,ES2J,Superfast Efficient SMD Rectifier Diodes 600V SMB DO-214AA,85.41.1000,ES2J,DIOTEC,DIODE,102000,3,306000,0,0,56680.2,1070.01003,192.60181,362342.61184,0,0,362342.61184,PD&E
223,283366,328014412,26L14412,Line,2026-08-19 00:00:00,BENTEC INDIA LIMITED,BIL/PUR/607/25-26,2026-02-09 00:00:00,NORTH,NEW DELHI,ARPIT SINGH,Neha Chauhan,BC857B,"BJT, SOT-23, 45V, 100mA, PNP, 0.25W, 150°C",85.41.2100,BC857B,DIOTEC,DIODE,150000,0.59,88500,0,0,15930,309.46369,55.70346,104795.16715,0,0,104795.16715,PD&E
224,283366,328014412,26L14412,Line,2026-08-19 00:00:00,BENTEC INDIA LIMITED,BIL/PUR/607/25-26,2026-02-09 00:00:00,NORTH,NEW DELHI,ARPIT SINGH,Neha Chauhan,S1M,Diode: rectifying; SMD; 1kV; 1A; 1.5us,85.41.1000,S1M,DIOTEC,DIODE,360000,0.72,259200,0,0,46656,906.36144,163.14506,306925.5065,0,0,306925.5065,PD&E
225,283366,328014412,26L14412,Line,2026-08-19 00:00:00,BENTEC INDIA LIMITED,BIL/PUR/607/25-26,2026-02-09 00:00:00,NORTH,NEW DELHI,ARPIT SINGH,Neha Chauhan,AO3423,Trans MOSFET P-CH 20V 2A 3-Pin SOT-23 T/R,85.41.2900,AO3423,AOS,MOSFET,51000,3,153000,0,0,27540,535.00502,96.3009,181171.30592,0,0,181171.30592,Active
226,283366,328014412,26L14412,Line,2026-08-19 00:00:00,BENTEC INDIA LIMITED,BIL/PUR/607/25-26,2026-02-09 00:00:00,NORTH,NEW DELHI,ARPIT SINGH,Neha Chauhan,Q-SPT7P0327620C5GF,"SSP-T7F 32.768KHZ+/-20/12.5PF, Crystal Resonator 0.032768MHz ±20ppm (Tol) 12.5pF 65000Ohm 4-Pin SMD T/R",85.41.6000,Q-SPT7P0327620C5GF,SEIKO INSTRUMENTS,CRYSTALS,102000,8,816000,0,0,146880,2853.36008,513.60481,966246.96489,0,0,966246.96489,PD&E
227,283366,328014412,26L14412,Line,2026-08-19 00:00:00,BENTEC INDIA LIMITED,BIL/PUR/607/25-26,2026-02-09 00:00:00,NORTH,NEW DELHI,ARPIT SINGH,Neha Chauhan,ES1J,rectifying Diode; SMD; 600V; 1A; 35ns,85.41.1000,ES1J,DIOTEC,DIODE,120000,2.6,312000,0,0,56160,1090.99062,196.37831,369447.36893,0,0,369447.36893,PD&E
228,283377,328014420,26L14420,Line,2026-08-19 00:00:00,UMA POLY SOLUTIONS PVT LTD,UPS/2601630,2026-08-11 00:00:00,NORTH,NEW DELHI,KULDEEP KUMAR,Neha Chauhan,ABS15Y,ABS15Y 2000V,85.41.1000,EL383SM002,DIOTEC,Rectifiers,5000,6.71,33550,0,0,6084,250,45,39884,0,0,39884,PD&E
229,283380,328014423,26L14423,Line,2026-08-19 00:00:00,CLARITY MEDICAL PVT LTD,PO/APR-26/022,2026-04-16 00:00:00,NORTH,NEW DELHI,MAHESH KUMAR MITTAL,Abha,CR2032AKW,Lithium Cell 3 Volt  AKW M0116A (M0116A-LF),85.06.8010,B0026,EVE,BATTERY,100,19.75,1975,0,0,374.4,35,6.3,2371.8,0,0,2371.8,Active
230,283380,328014423,26L14423,Line,2026-08-19 00:00:00,CLARITY MEDICAL PVT LTD,PO/APR-26/022,2026-04-16 00:00:00,NORTH,NEW DELHI,MAHESH KUMAR MITTAL,Abha,CR2032AKW,Lithium Cell 3 Volt  AKW M0116A (M0116A-LF),85.06.8010,B0026,EVE,BATTERY,200,19.75,3950,0,0,711,70,12.6,4743.6,0,0,4743.6,Active
231,283383,328014426,26L14426,Line,2026-08-19 00:00:00,VVDN TECHNOLOGIES PVT LTD,2200085341,2026-05-20 00:00:00,NORTH,NEW DELHI,ARPIT SINGH,Neha Chauhan,ABS15Y,ABS15Y 2000V,85.41.1000,106-0-00460,DIOTEC,Rectifiers,15000,6.65,99750,0,0,17955,0,0,117705,0,0,117705,PD&E
232,283403,328014446,26L14446,Line,2026-08-19 00:00:00,JMV LPS LIMITED,PO/26-27/00618,2026-05-21 00:00:00,NORTH,NEW DELHI,DHIRENDRA PANDEY,Poonam Kashyap,NVR16-RZG2H-V2,Network Video Recorder - EVB,85.43.7099,,SMET,EVALUATION BOARD,1,50000,50000,0,0,9000,0,0,59000,0,0,59000,
233,283406,328014448,26L14448,Line,2026-08-19 00:00:00,SMARTNODE AUTOMATIONS PVT LTD,SNAPO26270037,2026-04-10 00:00:00,NORTH,GUJARAT,HARSH DOSHI,Poonam Kashyap,SC32S-12.5PF20PPM,CRYSTAL SMD OSC 32.768KHz 7.9mmx3.7mm,85.41.6000,55540,SEIKO INSTRUMENTS,CRYSTALS,3000,10.5,31500,0,0,5670,0,0,37170,0,0,37170,PD&E
234,283407,328014449,26L14449,Line,2026-08-19 00:00:00,SMARTNODE AUTOMATIONS PVT LTD,SNAPO26270036,2026-04-10 00:00:00,NORTH,GUJARAT,HARSH DOSHI,Poonam Kashyap,MMTL431B,"Shunt Regulator, SOT-23, 2.45V, 37V, , 150°C, 0.3mA",85.41.1000,35218,DIOTEC,REGULATORS,6000,1.67,10020,0,0,1803.6,0,0,11823.6,0,0,11823.6,PD&E
235,283418,328014459,26L14459,Line,2026-08-19 00:00:00,ANEVOLVE PRIVATE LIMITED-RAJASTHAN,7100003922,2025-12-18 00:00:00,NORTH,NEW DELHI,SURAJ PANDEY,Vinny,SMF200A,"TVS, SOD-123FL, 150°C, 200W, 200V, Unidir",85.41.1000,1011002799,DIOTEC,DIODE,3000,2.71,8130,0,0,1463.4,0,0,9593.4,0,0,9593.4,PD&E
236,283440,328014479,26L14479,Line,2026-08-19 00:00:00,GENUS POWER JAIPUR,1420035389,2026-06-16 00:00:00,NORTH,JAIPUR,KULDEEP KUMAR,Prakash,BAT54C,small signal schottky diode,85.41.1000,RMDIO00000331,DIOTEC,DIODE,420000,0.63,264600,0,0,47628,0,0,312228,0,0,312228,PD&E
237,283442,328014481,26L14481,Line,2026-08-19 00:00:00,HELLA INDIA AUTOMOTIVE PRIVATE LIMITED-DEL,5500012206,2025-04-15 00:00:00,NORTH,NEW DELHI,ARPIT SINGH,Neha Chauhan,MMBTRC102SS,"Digital Transistors Digital Transistor, SOT-23, 50V, 100mA",85.41.2900,799.075-58,DIOTEC,TRANSISTOR,21000,0.99,20790,0,0,3742.2,0,0,24532.2,0,0,24532.2,PD&E
238,283445,328014483,26L14483,Line,2026-08-19 00:00:00,GENUS POWER INFRASTRUCTURES LTD,1430048407,2026-07-16 00:00:00,NORTH,NEW DELHI,KULDEEP KUMAR,Prakash,BAT54C,small signal schottky diode,85.41.1000,RMDIO00000331,DIOTEC,DIODE,453000,0.63,285390,0,0,51370.2,0,0,336760.2,0,0,336760.2,PD&E
239,283446,328014484,26L14484,Line,2026-08-19 00:00:00,GENUS POWER JAIPUR,1420035336,2026-06-10 00:00:00,NORTH,JAIPUR,KULDEEP KUMAR,Prakash,LDI559-3.6EN,Integrated Circuit,85.42.3100,RMICC00000847,DIOTEC,INTEGRATED CIRCUIT,51000,2.57,131070,0,0,23592.6,0,0,154662.6,0,0,154662.6,PD&E
240,283447,328014485,26L14485,Line,2026-08-19 00:00:00,GENUS POWER JAIPUR,1420035321,2026-06-03 00:00:00,NORTH,JAIPUR,KULDEEP KUMAR,Prakash,S1M,Diode: rectifying; SMD; 1kV; 1A; 1.5us,85.41.1000,RMDIO00000230,DIOTEC,DIODE,240000,0.53,127200,0,0,22896,0,0,150096,0,0,150096,PD&E
241,283448,328014486,26L14486,Line,2026-08-19 00:00:00,GENUS POWER INFRASTRUCTURES LTD,1430048211,2026-06-10 00:00:00,NORTH,NEW DELHI,KULDEEP KUMAR,Prakash,S1M,Diode: rectifying; SMD; 1kV; 1A; 1.5us,85.41.1000,RMDIO00000230,DIOTEC,DIODE,7500,0.53,3975,0,0,715.5,0,0,4690.5,0,0,4690.5,PD&E
242,283450,328014487,26L14487,Line,2026-08-19 00:00:00,GENUS POWER INFRASTRUCTURES LTD,1430048407,2026-07-16 00:00:00,NORTH,NEW DELHI,KULDEEP KUMAR,Prakash,S1M,Diode: rectifying; SMD; 1kV; 1A; 1.5us,85.41.1000,RMDIO00000230,DIOTEC,DIODE,592500,0.53,314025,0,0,56524.5,0,0,370549.5,0,0,370549.5,PD&E
243,283451,328014489,26L14489,Line,2026-08-19 00:00:00,GENUS POWER INFRASTRUCTURES LTD,1430047847,2026-04-15 00:00:00,NORTH,NEW DELHI,KULDEEP KUMAR,Prakash,LDI559-3.6EN,Integrated Circuit,85.42.3100,RMICC00000847,DIOTEC,INTEGRATED CIRCUIT,51000,2.57,131070,0,0,23592.6,0,0,154662.6,0,0,154662.6,PD&E
244,283454,328014492,26L14492,Line,2026-08-19 00:00:00,KIMBAL PRIVATE LIMITED-NOIDA,4100000775,2026-07-21 00:00:00,NORTH,NEW DELHI,ARPIT SINGH,Prakash,RTE0T0002LKCE00000R,E2 Lite,85.43.7099,6000000209,RENESAS,TOOLS,73,6089,444497,0,0,80009.46,0,0,524506.46,0,0,524506.46,Active
245,283518,328014541,26L14541,Line,2026-08-20 00:00:00,NAPINO AUTO & ELECTRONICS LTD-GURGAON,1029002669,2026-03-16 00:00:00,NORTH,NEW DELHI,ARPIT SINGH,Abha,Z1SMA24,Zener Diode 24V,85.41.1000,A13ED00785,DIOTEC,DIODE,22500,2.66,59850,0,0,10773,0,0,70623,0,0,70623,PD&E
246,283520,328014543,26L14543,Line,2026-08-20 00:00:00,NAPINO AUTO & ELECTRONICS LTD-GURGAON,1069000684,2026-07-20 00:00:00,NORTH,NEW DELHI,ARPIT SINGH,Abha,ZMY24,DIODE ZENER 24V 1W DO213AB ±5%,85.41.1000,A13ED00289,DIOTEC,DIODE,5000,3.96,19800,0,0,3564,0,0,23364,0,0,23364,PD&E
247,283523,328014546,26L14546,Line,2026-08-20 00:00:00,NAPINO AUTO & ELECTRONICS LTD-GURGAON,1069000648/Napino,2026-06-04 00:00:00,NORTH,NEW DELHI,ARPIT SINGH,Abha,1N4007,Zener diode leaded,85.41.1000,A13ED00197,DIOTEC,DIODE,5000,0.84,4200,0,0,756,0,0,4956,0,0,4956,PD&E
248,283523,328014546,26L14546,Line,2026-08-20 00:00:00,NAPINO AUTO & ELECTRONICS LTD-GURGAON,1069000648/Napino,2026-06-04 00:00:00,NORTH,NEW DELHI,ARPIT SINGH,Abha,1N4007,Zener diode leaded,85.41.1000,A13ED00197,DIOTEC,DIODE,5000,0.84,4200,0,0,756,0,0,4956,0,0,4956,PD&E
249,283601,328014616,26L14616,Line,2026-08-20 00:00:00,ZENWIN MOTORPARTS PVT LTD,EmailRef-Zenwin-1007,2026-07-10 00:00:00,NORTH,NEW DELHI,MAHESH KUMAR MITTAL,Palak,R5F1216AGSP#50,16BIT MCU RL78/G16 16K/2K SOP20,85.42.3100,R5F1216AGSP#50,RENESAS,MICROCONTROLLER,12000,24.52,294240,0,0,53413.2,484.55944,87.2207,347774.98014,0,0,347774.98014,Active
250,283601,328014616,26L14616,Line,2026-08-20 00:00:00,ZENWIN MOTORPARTS PVT LTD,EmailRef-Zenwin-1007,2026-07-10 00:00:00,NORTH,NEW DELHI,MAHESH KUMAR MITTAL,Palak,R5F12068ASP#50,16BIT MCU RL78/G15 8K 20LSSOP -40/+85C,85.42.3100,R5F12068ASP#50,RENESAS,INTEGRATED CIRCUIT,28000,22.92,641760,0,0,115516.8,1056.8613,190.23503,758523.89633,0,0,758523.89633,Active
251,283601,328014616,26L14616,Line,2026-08-20 00:00:00,ZENWIN MOTORPARTS PVT LTD,EmailRef-Zenwin-1007,2026-07-10 00:00:00,NORTH,NEW DELHI,MAHESH KUMAR MITTAL,Palak,R5F1216AGSP#50,16BIT MCU RL78/G16 16K/2K SOP20,85.42.3100,R5F1216AGSP#50,RENESAS,MICROCONTROLLER,20000,24.52,490400,0,0,88272,807.59907,145.36783,579624.96691,0,0,579624.96691,Active
252,283601,328014616,26L14616,Line,2026-08-20 00:00:00,ZENWIN MOTORPARTS PVT LTD,EmailRef-Zenwin-1007,2026-07-10 00:00:00,NORTH,NEW DELHI,MAHESH KUMAR MITTAL,Palak,R5F12068ASP#50,16BIT MCU RL78/G15 8K 20LSSOP -40/+85C,85.42.3100,R5F12068ASP#50,RENESAS,INTEGRATED CIRCUIT,4000,22.92,91680,0,0,16502.4,150.98019,27.17643,108360.55662,0,0,108360.55662,Active
253,283608,328014622,26L14622,Line,2026-08-20 00:00:00,LEAFTRONIX ANALOGIC SOLUTIONS PVT LTD,Email ref 19-08,2026-08-19 00:00:00,NORTH,GUJARAT,HARSH DOSHI,Poonam Kashyap,R5F100GEAFB#10,16BIT MCU RL78/G13 64K 48LFQFP -40/+85C,85.42.3100,,RENESAS,INTEGRATED CIRCUIT,250,64.2,16050,0,0,2889,0,0,18939,0,0,18939,Active
254,283610,328014623,26L14623,Line,2026-08-20 00:00:00,LUMINOUS POWER TECHNOLOGIES HP,4400076874,2026-07-18 00:00:00,NORTH,NEW DELHI,KULDEEP KUMAR,Vinny,RTE0T0002LKCE00000R,E2 Lite,84.73.3099,700000222730,RENESAS,TOOLS,10,6600,66000,0,0,11880,0,0,77880,0,0,77880,Active
255,283612,328014625,26L14625,Line,2026-08-20 00:00:00,HAVELLS INDIA LIMITED,4506214653,2026-08-18 00:00:00,NORTH,NEW DELHI,KULDEEP KUMAR,Neha Chauhan,Z1SMA18,"Zener Diodes Zener, SMA, 18V, 1W, 5%",85.41.1000,Z1SMA18,DIOTEC,DIODE,7500,2.85,21375,0,0,3847.5,0,0,25222.5,0,0,25222.5,PD&E
256,283616,328014629,26L14629,Line,2026-08-20 00:00:00,CONTINENTAL DEVICE INDIA PVT. LTD. (DD),HVL0894,2026-06-29 00:00:00,NORTH,NEW DELHI,MAHESH KUMAR MITTAL,Abha,BC857C,SMD General Purpose Transistor,85.41.2900,PAAAA024AAA103,DIOTEC,TRANSISTOR,6000,0.65,3900,0,0,702,0,0,4602,0,0,4602,PD&E
257,283617,328014630,26L14630,Line,2026-08-20 00:00:00,CONTINENTAL DEVICE INDIA PVT. LTD. (DD),HVL0756,2027-06-18 00:00:00,NORTH,NEW DELHI,MAHESH KUMAR MITTAL,Abha,BC857C,SMD General Purpose Transistor,85.41.2900,PAAAA017AAA103,DIOTEC,TRANSISTOR,6000,0.65,3900,0,0,702,0,0,4602,0,0,4602,PD&E
258,283617,328014630,26L14630,Line,2026-08-20 00:00:00,CONTINENTAL DEVICE INDIA PVT. LTD. (DD),HVL0756,2027-06-18 00:00:00,NORTH,NEW DELHI,MAHESH KUMAR MITTAL,Abha,BC847C,Trans GP BJT NPN 45V 0.1A 250mW 3-Pin SOT-23 T/R,85.41.5000,PAAAA016AAA103,DIOTEC,TRANSISTOR,27000,0.56,15120,0,0,2721.6,0,0,17841.6,0,0,17841.6,PD&E
259,283618,328014631,26L14631,Line,2026-08-20 00:00:00,LUBI ELECTRONICS,4100043199,2026-06-23 00:00:00,NORTH,AHMEDABAD,HARSH DOSHI,Poonam Kashyap,BAT46W,Schottky Diodes & Rectifiers 100V 150mA,85.41.1000,1000006925,DIOTEC,DIODE,12000,0.88,10560,0,0,1900.8,0,0,12460.8,0,0,12460.8,PD&E
260,283619,328014632,26L14632,Line,2026-08-20 00:00:00,CONTINENTAL DEVICE INDIA PVT. LTD. (DD),HVL0682,2025-09-15 00:00:00,NORTH,NEW DELHI,MAHESH KUMAR MITTAL,Abha,BC847C,Trans GP BJT NPN 45V 0.1A 250mW 3-Pin SOT-23 T/R,85.41.5000,PAAAA016AAA103,DIOTEC,TRANSISTOR,3000,0.56,1680,0,0,302.4,0,0,1982.4,0,0,1982.4,PD&E
261,283621,328014634,26L14634,Line,2026-08-20 00:00:00,CONTINENTAL DEVICE INDIA PVT. LTD. (DD),HVL0578,2026-05-29 00:00:00,NORTH,NEW DELHI,MAHESH KUMAR MITTAL,Abha,BC847C,Trans GP BJT NPN 45V 0.1A 250mW 3-Pin SOT-23 T/R,85.41.5000,PAAAA016AAA103,DIOTEC,TRANSISTOR,3000,0.56,1680,0,0,302.4,0,0,1982.4,0,0,1982.4,PD&E
262,283623,328014636,26L14636,Line,2026-08-20 00:00:00,RAPIDISE TECHNOLOGY PRIVATE LIMITED-GURUGRAM,6012000818,2026-07-04 00:00:00,NORTH,GUJARAT,HARSH DOSHI,Poonam Kashyap,GBU8M,8A 100v Bridge rectifier Diode,85.41.1000,A13DS00485,DIOTEC,DIODE,2000,14.1,28200,0,0,5076,0,0,33276,0,0,33276,PD&E
263,283623,328014636,26L14636,Line,2026-08-20 00:00:00,RAPIDISE TECHNOLOGY PRIVATE LIMITED-GURUGRAM,6012000818,2026-07-04 00:00:00,NORTH,GUJARAT,HARSH DOSHI,Poonam Kashyap,BZT52C5V1,"Zener, SOD-123F, 5.1V, 0.5W, ±5%",85.41.1000,A13DS00529,DIOTEC,DIODE,12000,1.54,18480,0,0,3326.4,0,0,21806.4,0,0,21806.4,PD&E
264,283623,328014636,26L14636,Line,2026-08-20 00:00:00,RAPIDISE TECHNOLOGY PRIVATE LIMITED-GURUGRAM,6012000818,2026-07-04 00:00:00,NORTH,GUJARAT,HARSH DOSHI,Poonam Kashyap,1N4148W,Diode: switching; SMD; 100V; 0.15A; 4ns; 400mW,85.41.1000,A13DS00546,DIOTEC,DIODE,27000,0.61,16470,0,0,2964.6,0,0,19434.6,0,0,19434.6,PD&E
265,283623,328014636,26L14636,Line,2026-08-20 00:00:00,RAPIDISE TECHNOLOGY PRIVATE LIMITED-GURUGRAM,6012000818,2026-07-04 00:00:00,NORTH,GUJARAT,HARSH DOSHI,Poonam Kashyap,1N4148W,Diode: switching; SMD; 100V; 0.15A; 4ns; 400mW,85.41.1000,A13DS00546,DIOTEC,DIODE,12000,0.61,7320,0,0,1317.6,0,0,8637.6,0,0,8637.6,PD&E
266,283624,328014637,26L14637,Line,2026-08-20 00:00:00,RAPIDISE TECHNOLOGY PRIVATE LIMITED-GURUGRAM,6012000786,2026-06-22 00:00:00,NORTH,GUJARAT,HARSH DOSHI,Poonam Kashyap,GBU8M,8A 100v Bridge rectifier Diode,85.41.1000,A13DS00485,DIOTEC,DIODE,2000,14.1,28200,0,0,5076,0,0,33276,0,0,33276,PD&E
267,283659,328014668,26L14668,Line,2026-08-20 00:00:00,ALLIED ENGINEERING WORKS LIMITED,Mail dt. 6/08/2026,2026-08-06 00:00:00,NORTH,NEW DELHI,SURAJ PANDEY,Palak,RTE0T0002LKCE00000R,E2 Lite,84.73.3099,RTE0T0002LKCE00000R,RENESAS,TOOLS,2,6300,12600,0,0,2268,0,0,14868,0,0,14868,Active
268,283675,328014683,26L14683,Line,2026-08-20 00:00:00,ADCO CONTROLS,AC/PO/045/26-27,2026-07-01 00:00:00,NORTH,AHMEDABAD,HARSH DOSHI,Poonam Kashyap,BC857B,"BJT, SOT-23, 45V, 100mA, PNP, 0.25W, 150°C",85.41.2100,,DIOTEC,DIODE,51000,0.65,33150,0,0,5967,0,0,39117,0,0,39117,PD&E
269,283675,328014683,26L14683,Line,2026-08-20 00:00:00,ADCO CONTROLS,AC/PO/045/26-27,2026-07-01 00:00:00,NORTH,AHMEDABAD,HARSH DOSHI,Poonam Kashyap,P6SMBJ28A,"TVS, SMB, 150°C, 600W, 28V, Unidir",85.41.1000,,DIOTEC,DIODE,9000,3.75,33750,0,0,6075,0,0,39825,0,0,39825,PD&E
270,283675,328014683,26L14683,Line,2026-08-20 00:00:00,ADCO CONTROLS,AC/PO/045/26-27,2026-07-01 00:00:00,NORTH,AHMEDABAD,HARSH DOSHI,Poonam Kashyap,BZX84C5V1,Zener Diode 5.1V,85.41.1000,,DIOTEC,DIODE,21000,0.92,19320,0,0,3477.6,0,0,22797.6,0,0,22797.6,PD&E
271,283677,328014685,26L14685,Line,2026-08-20 00:00:00,NAPINO AUTO & ELECTRONICS LTD-GURGAON,1069000656,2026-06-08 00:00:00,NORTH,NEW DELHI,ARPIT SINGH,Abha,SK14-AQ,Diode Schottky 40V 1A Automotive 2-Pin SMA T/R,85.41.1000,A13ED00583,DIOTEC,DIODE,30000,1.56,46800,0,0,8424,0,0,55224,0,0,55224,PD&E
272,283679,328014687,26L14687,Line,2026-08-20 00:00:00,NAPINO AUTO & ELECTRONICS LTD-GURGAON,1029003080,2026-06-12 00:00:00,NORTH,NEW DELHI,ARPIT SINGH,Abha,SK14-AQ,Diode Schottky 40V 1A Automotive 2-Pin SMA T/R,85.41.1000,A13ED00583,DIOTEC,DIODE,52500,1.56,81900,0,0,14742,0,0,96642,0,0,96642,PD&E
273,283680,328014688,26L14688,Line,2026-08-20 00:00:00,NAPINO AUTO & ELECTRONICS LIMITED KRISHNAGIRI PLANT,1253500467,2026-06-12 00:00:00,NORTH,NEW DELHI,ARPIT SINGH,Abha,SK14-AQ,Diode Schottky 40V 1A Automotive 2-Pin SMA T/R,85.41.1000,A13ED00583,DIOTEC,DIODE,120000,1.56,187200,0,0,33696,0,0,220896,0,0,220896,PD&E
274,283695,328014703,26L14703,Line,2026-08-20 00:00:00,PROBUS SMART THINGS PRIVATE LIMITED,PST/PO/25-26/58 .,2026-05-22 00:00:00,NORTH,NEW DELHI,KULDEEP KUMAR,Abha,LS05-BV16442,"Oil Level Sensor , Drawing No. 9500016442 Rev04",90.31.8000,OP1369,STANDEX,SENSORS,1000,1380,1380000,0,0,248400,0,0,1628400,0,0,1628400,PD&E
275,283695,328014703,26L14703,Line,2026-08-20 00:00:00,PROBUS SMART THINGS PRIVATE LIMITED,PST/PO/25-26/58 .,2026-05-22 00:00:00,NORTH,NEW DELHI,KULDEEP KUMAR,Abha,LS05-BV16442,"Oil Level Sensor , Drawing No. 9500016442 Rev04",90.31.8000,OP1369,STANDEX,SENSORS,60,1380,82800,0,0,14904,0,0,97704,0,0,97704,PD&E
276,283719,328014717,26L14717,Line,2026-08-21 00:00:00,POLARISGRIDS PRIVATE LIMITED,PO.No.20001014,2026-03-19 00:00:00,NORTH,JAIPUR,KULDEEP KUMAR,Neha Chauhan,ABS15Y,ABS15Y 2000V,85.41.1000,3D2KV7000000001,DIOTEC,Rectifiers,20000,6.7,134000,0,0,24120,0,0,158120,0,0,158120,PD&E
277,283720,328014718,26L14718,Line,2026-08-21 00:00:00,POLARISGRIDS PRIVATE LIMITED,Mail Ref: 070726,2026-07-07 00:00:00,NORTH,JAIPUR,KULDEEP KUMAR,Neha Chauhan,BZT52B5V1,Diode: Zener; 0.5W; 5.1V; SMD; reel tape; SOD123,85.41.1000,BZT52B5V1,DIOTEC,DIODE,3000,1.55,4650,0,0,852.3,85,15.3,5587.3,0,0,5587.3,PD&E
278,283729,328014723,26L14723,Line,2026-08-21 00:00:00,PRAKANT ELECTRONICS PVT LTD,Order No. 10,2026-05-25 00:00:00,NORTH,NEW DELHI,KULDEEP KUMAR,Abha,JDH550926ATTP,JDH550926ATTP,85.41.1000,JDH550926ATTP,JODING,DISPLAY,1014,115.54,117157.56,0,0,21088.3608,0,0,138245.9208,0,0,138245.9208,Others
279,283729,328014723,26L14723,Line,2026-08-21 00:00:00,PRAKANT ELECTRONICS PVT LTD,Order No. 10,2026-05-25 00:00:00,NORTH,NEW DELHI,KULDEEP KUMAR,Abha,JBY109439AW2T,"3V,88by ,39.55",85.31.8000,M260010,JODING,BACK LIGHT,1045,29.56,30890.2,0,0,5560.236,0,0,36450.436,0,0,36450.436,Others
280,283734,328014728,26L14728,Line,2026-08-21 00:00:00,HPL ELECTRIC & POWER GURGAON 132133,4190087016,2026-05-28 00:00:00,NORTH,NEW DELHI,KULDEEP KUMAR,Neha,LDI559-3.6EN,Integrated Circuit,85.42.3100,SIC573XXLDK220M36R,DIOTEC,INTEGRATED CIRCUIT,126000,2.92,367920,0,0,66225.6,0,0,434145.6,0,0,434145.6,PD&E
281,283736,328014729,26L14729,Line,2026-08-21 00:00:00,HPL ELECTRIC & POWER GURGAON 132133,4190086925,2026-05-07 00:00:00,NORTH,NEW DELHI,KULDEEP KUMAR,Neha,LDI559-3.6EN,Integrated Circuit,85.42.3100,SIC573XXLDK220M36R,DIOTEC,INTEGRATED CIRCUIT,6000,2.92,17520,0,0,3153.6,0,0,20673.6,0,0,20673.6,PD&E
282,283737,328014730,26L14730,Line,2026-08-21 00:00:00,HPL ELECTRIC & POWER GURGAON 132133,4190089778,2026-08-10 00:00:00,NORTH,NEW DELHI,KULDEEP KUMAR,Neha,US1M,1A  100V ultrafast recovery Diode,85.41.1000,SDIO864-US1M-13-F,DIOTEC,DIODE,7500,1.4,10500,0,0,1890,0,0,12390,0,0,12390,PD&E
283,283739,328014731,26L14731,Line,2026-08-21 00:00:00,HPL ELECTRIC & POWER GURGAON 132133,4190088127,2026-06-05 00:00:00,NORTH,NEW DELHI,KULDEEP KUMAR,Neha,BAS20,DIODES - GENERAL PURPOSE POWER SWITCHING 200V 200MA,85.41.1000,SDION67-BAS20,DIOTEC,DIODE,39000,0.83,32370,0,0,5826.6,0,0,38196.6,0,0,38196.6,PD&E
284,283740,328014732,26L14732,Line,2026-08-21 00:00:00,HPL ELECTRIC & POWER GURGAON 132133,4190087016,2026-05-28 00:00:00,NORTH,NEW DELHI,KULDEEP KUMAR,Neha,LDI559-3.6EN,Integrated Circuit,85.42.3100,SIC573XXLDK220M36R,DIOTEC,INTEGRATED CIRCUIT,78000,2.92,227760,0,0,40996.8,0,0,268756.8,0,0,268756.8,PD&E
285,283748,328014738,26L14738,Line,2026-08-21 00:00:00,ALLIED ENGINEERING WORKS LIMITED,Mail dt. 17/08/2026,2026-08-20 00:00:00,NORTH,NEW DELHI,SURAJ PANDEY,Palak,ER14250/Plain,F0420-LF / Lithium-Thionyl Chloride (Li-SOCI2) Battery – 1.20Ah,85.06.5000,ER14250/Plain,EVE,BATTERY,150,50,7500,0,0,1396.8,260,46.8,9156.8,0,0,9156.8,Active
286,283752,328014740,26L14740,Line,2026-08-21 00:00:00,HPL ELECTRIC & POWER GURGAON 132133,4190089004,,NORTH,NEW DELHI,KULDEEP KUMAR,Neha,BAS20,DIODES - GENERAL PURPOSE POWER SWITCHING 200V 200MA,85.41.1000,SDION67-BAS20,DIOTEC,DIODE,39000,0.83,32370,0,0,5826.6,0,0,38196.6,0,0,38196.6,PD&E
287,283754,328014741,26L14741,Line,2026-08-21 00:00:00,INVERTED ENERGY PRIVATE LIMITED,PUR-ORD-2026-00172,2026-06-19 00:00:00,NORTH,NEW DELHI,MAHESH KUMAR MITTAL,Poonam Kashyap,AEY3150900,150A FUSE,85.38.9000,ERP-I999-OLD-6577-00,BETTERFUSE,FUSE,2100,150,315000,0,0,56700,0,0,371700,0,0,371700,PD&E
288,283755,328014742,26L14742,Line,2026-08-21 00:00:00,THITA CONTROLS AND AUTOMATION,Email Ref 01/06,2026-06-03 00:00:00,NORTH,AHMEDABAD,HARSH DOSHI,Poonam Kashyap,R5F100MFAFB#10,16-BIT GENERAL MCU RL78/G13 96K 80LFQFP -40 to 85°C,85.42.3100,,RENESAS,INTEGRATED CIRCUIT,952,139,132328,0,0,23819.04,0,0,156147.04,0,0,156147.04,Active
289,283756,328014743,26L14743,Line,2026-08-21 00:00:00,AAVOLATE TECHNOLOGIES PRIVATE LIMITED,Email ref 21-08,2026-08-21 00:00:00,NORTH,GUJARAT,HARSH DOSHI,Poonam Kashyap,R5F10268ASP#55,16-BIT GENERAL MCU RL78/G12 8K 20LSSOP -40 to 85°C,85.42.3100,,RENESAS,INTEGRATED CIRCUIT,500,39,19500,0,0,3510,0,0,23010,0,0,23010,Active
290,283757,328014744,26L14744,Line,2026-08-21 00:00:00,TRINITY ENERGY SYSTEMS PVT LTD,RM/25-26/1310,2026-03-13 00:00:00,NORTH,GUJARAT,HARSH DOSHI,Poonam Kashyap,R5F11TLEDFB#15,16BIT MCU RL78/I1C 64K LFQFP64 -40/+85C,85.42.3100,,RENESAS,INTEGRATED CIRCUIT,5120,98.9,506368,0,0,91146.24,0,0,597514.24,0,0,597514.24,Active
291,283772,328014753,26L14753,Line,2026-08-21 00:00:00,ACCUMET SOLUTIONS,26-27/ACS 023,2026-06-19 00:00:00,NORTH,NEW DELHI,KULDEEP KUMAR,Neha Chauhan,ES1J,rectifying Diode; SMD; 600V; 1A; 35ns,85.41.1000,ES1J,DIOTEC,DIODE,7500,2.74,20550,0,0,3699,0,0,24249,0,0,24249,PD&E
292,283772,328014753,26L14753,Line,2026-08-21 00:00:00,ACCUMET SOLUTIONS,26-27/ACS 023,2026-06-19 00:00:00,NORTH,NEW DELHI,KULDEEP KUMAR,Neha Chauhan,ES1J,rectifying Diode; SMD; 600V; 1A; 35ns,85.41.1000,ES1J,DIOTEC,DIODE,7500,2.74,20550,0,0,3699,0,0,24249,0,0,24249,PD&E
293,283772,328014753,26L14753,Line,2026-08-21 00:00:00,ACCUMET SOLUTIONS,26-27/ACS 023,2026-06-19 00:00:00,NORTH,NEW DELHI,KULDEEP KUMAR,Neha Chauhan,SKL12,Schottky Diode - 20V 1A SOD123L,85.41.1000,SKL12,DIOTEC,DIODE,15000,1.55,23250,0,0,4185,0,0,27435,0,0,27435,PD&E
294,283772,328014753,26L14753,Line,2026-08-21 00:00:00,ACCUMET SOLUTIONS,26-27/ACS 023,2026-06-19 00:00:00,NORTH,NEW DELHI,KULDEEP KUMAR,Neha Chauhan,MMSZ5248B,"Zener Diodes Zener, SOD-123F, 18V, 0.5W, 5%",85.41.1000,MMSZ5248B,DIOTEC,DIODE,12000,1.25,15000,0,0,2700,0,0,17700,0,0,17700,PD&E
295,283772,328014753,26L14753,Line,2026-08-21 00:00:00,ACCUMET SOLUTIONS,26-27/ACS 023,2026-06-19 00:00:00,NORTH,NEW DELHI,KULDEEP KUMAR,Neha Chauhan,BAV70,General Purpose Power Switching SOT23215mA75VDualSwitchingCC,85.41.1000,BAV70,DIOTEC,DIODE,18000,0.65,11700,0,0,2106,0,0,13806,0,0,13806,PD&E
296,283773,328014754,26L14754,Line,2026-08-21 00:00:00,ACCUMET SOLUTIONS,Planning Order:11-04-25,2025-04-11 00:00:00,NORTH,NEW DELHI,KULDEEP KUMAR,Neha Chauhan,TJMS5883#01,STN(Y/G) +22PINS (1Ph Meter),85.24.9990,TJMS5883#01,TIANMA,LCD,24,46.5,1116,0,0,200.88,0,0,1316.88,0,0,1316.88,Active
297,283773,328014754,26L14754,Line,2026-08-21 00:00:00,ACCUMET SOLUTIONS,Planning Order:11-04-25,2025-04-11 00:00:00,NORTH,NEW DELHI,KULDEEP KUMAR,Neha Chauhan,TJMS5883#01,STN(Y/G) +22PINS (1Ph Meter),85.24.9990,TJMS5883#01,TIANMA,LCD,3000,46.5,139500,0,0,25110,0,0,164610,0,0,164610,Active
298,283774,328014755,26L14755,Line,2026-08-21 00:00:00,ACCUMET SOLUTIONS,Mail ref: 05-08-26,2026-08-05 00:00:00,NORTH,NEW DELHI,KULDEEP KUMAR,Neha Chauhan,R5F11TLGDFB#15,16BIT MCU RL78/I1C 128K LFQFP64 -40/+85C,85.42.3100,R5F11TLGDFB#15,RENESAS,INTEGRATED CIRCUIT,10240,96,983040,0,0,177274.8,1820,327.6,1162134.8,0,0,1162134.8,Active
299,283776,328014757,26L14757,Line,2026-08-21 00:00:00,FILM ELECTRONICS PVT LTD,F-26 / SMETPL / 121,2026-06-12 00:00:00,NORTH,NEW DELHI,DHIRENDRA PANDEY,Poonam Kashyap,BCX56-16,"BJT, SOT-89, 80V, 1000mA, NPN, 0.5W, 150°C",85.41.2100,,DIOTEC,DIODE,30000,2.05,61500,0,0,11070,0,0,72570,0,0,72570,PD&E
300,283777,328014758,26L14758,Line,2026-08-21 00:00:00,ALFA INSTRUMENTS,Email ref 21-08-26,2026-08-21 00:00:00,NORTH,AHMEDABAD,HARSH DOSHI,Poonam Kashyap,R5F100ACASP#50,16-BIT GENERAL MCU RL78/G13 32K 30LSSOP -40 to 85°C,85.42.3100,,RENESAS,INTEGRATED CIRCUIT,2500,41.61,104025,0,0,18724.5,0,0,122749.5,0,0,122749.5,Active
