Internal Number,INVOICE / CREDIT NOTE NUMBER,INVOICE / CREDIT NOTE DATE,Customer Code,Customer Name,Customer PO number,Posting Date,Shipment Date,Document Currency,Part Number,Customer PartNo,Make,Product Category,Quantity,Unit Price in FC,Row Total in FC,Exchange Rate,Unit Price in USD,Row Total in USD,Sales Employee,Sales CS,Document Status,SAP SO Number,Remarks
22860,345101270,2026-08-05 00:00:00,DEL00049,HPL ELECTRIC  POWER GURGAON 132133,4190084144,2026-07-31 00:00:00,2026-08-05 00:00:00,USD,EC800KCNLC-I03-SNNSA,RFMM49EC800KCNLC,QUECTEL,Active,250,1.93,482.5,1,1.93,482.5,KULDEEP KUMAR,Neha,O,341002601,LC NO260127FLCU00189DATED 260729PI 359000050
22860,345101270,2026-08-05 00:00:00,DEL00049,HPL ELECTRIC  POWER GURGAON 132133,4190085015,2026-07-31 00:00:00,2026-08-05 00:00:00,USD,EC800KCNLC-I03-SNNSA,RFMM49EC800KCNLC,QUECTEL,Active,15000,1.93,28950,1,1.93,28950,KULDEEP KUMAR,Neha,O,341002979,LC NO260127FLCU00189DATED 260729PI 359000050
22860,345101270,2026-08-05 00:00:00,DEL00049,HPL ELECTRIC  POWER GURGAON 132133,4190085015,2026-07-31 00:00:00,2026-08-05 00:00:00,USD,EC800KCNLC-I03-SNNSA,RFMM49EC800KCNLC,QUECTEL,Active,4500,1.93,8685,1,1.93,8685,KULDEEP KUMAR,Neha,O,341002979,LC NO260127FLCU00189DATED 260729PI 359000050
22860,345101270,2026-08-05 00:00:00,DEL00049,HPL ELECTRIC  POWER GURGAON 132133,4190089494,2026-07-31 00:00:00,2026-08-05 00:00:00,USD,SGM321YN5/TR,SICSGM321YN5TR,SG MICRO CORP,PD&E,6000,0.068,408,1,0.068,408,KULDEEP KUMAR,Neha,O,342000744,LC NO260127FLCU00189DATED 260729PI 359000050
22811,345101241,2026-08-05 00:00:00,DEL00057,KAYNES TECHNOLOGY INDIA LIMITEDDELHI,PUR19202610305,2026-07-30 00:00:00,2026-08-05 00:00:00,USD,SPM6545VT-220M-D,9983510275,TDK,PD&E,6000,0.16,960,1,0.16,960,ARPIT SINGH,Abha,O,341003529,AIR
22956,345101319,2026-08-12 00:00:00,DEL02334,SYRMA SGS TECHNOLOGY LIMITEDGURUGRAM,4500072940,2026-08-05 00:00:00,2026-08-12 00:00:00,USD,UPW1V102MHD1TO,1110005214,NICHICON,PD&E,10000,0.172,1720,1,0.172,1720,KULDEEP KUMAR,Abha,O,342000841,DS FROM NICHICON MY TO SYRMA SGS
22705,345101175,2026-08-11 00:00:00,GUJ00451,SAMARTH EMOBILITY PVT LTD,650000016,2026-07-27 00:00:00,2026-08-11 00:00:00,USD,TM070RVGP41-00,SEM119000200,TIANMA,Active,112,35.97,4028.64,1,35.97,4028.64,HARSH DOSHI,Poonam Kashyap,O,341003598,DS FR TIANMAINV13783683PI358000284 PARTIAL
22831,345101255,2026-08-03 00:00:00,DEL00051,IL JIN ELECTRONICS INDIA PVT LTD,POD0126260420,2026-07-30 00:00:00,2026-08-03 00:00:00,USD,LBWA0ZZ2DS-875,ITRICS0457,MURATA,PD&E,3000,3.65,10950,1,3.65,10950,ARPIT SINGH,Poonam Kashyap,O,341003523,AIR
22830,345101254,2026-08-03 00:00:00,DEL00051,IL JIN ELECTRONICS INDIA PVT LTD,POD012500021146,2026-07-30 00:00:00,2026-08-03 00:00:00,USD,UM3232EEUE,ITRICS0017,UNION SEMI,PD&E,9000,0.179,1611,1,0.179,1611,ARPIT SINGH,Poonam Kashyap,O,341002968,AIR
22713,345101181,2026-08-04 00:00:00,DEL01976,KIMBAL PRIVATE LIMITED,4200000254,2026-07-27 00:00:00,2026-08-04 00:00:00,USD,JBD506322AG1C,PDS00104400,JODING,Others,143550,0.079,11340.45,1,0.079,11340.45,ARPIT SINGH,Prakash,O,342000673,DS FR JODINGINV NO JDIN2607250372704COOCHINA
22908,345101298,2026-08-17 00:00:00,JPR00003,GENUS POWER JAIPUR,1520008462,2026-08-03 00:00:00,2026-08-17 00:00:00,USD,AO3423,RMICC00000526,AOS,Active,132000,0.024,3168,1,0.024,3168,KULDEEP KUMAR,Prakash,O,341002669,AIR
22934,345101311,2026-08-19 00:00:00,DEL00072,NAPINO AUTO  ELECTRONICS LTDGURGAON,1029002374,2026-08-04 00:00:00,2026-08-19 00:00:00,USD,S1JMH-08,A13ED00627,TAIWAN SEMI,PD&E,3024000,0.009,27216,1,0.009,27216,ARPIT SINGH,Abha,O,341001676,
22999,345101352,2026-08-14 00:00:00,DEL00042,FIEM INDUSTRIES LTDALWAR,6700004685,2026-08-06 00:00:00,2026-08-14 00:00:00,USD,UCD1H100MCL6GS,13003832,NICHICON,PD&E,10000,0.03,300,1,0.03,300,KULDEEP KUMAR,Palak,O,342000811,DROP SHIP FROM NICHICON MY TO FIEM TAPUKARA
22855,345101266,2026-08-03 00:00:00,DEL00049,HPL ELECTRIC  POWER GURGAON 132133,4190086324,2026-07-31 00:00:00,2026-08-03 00:00:00,USD,AT25SF041B-SSHD-T,SIC743AT25SF041B,Dialog-RENESAS,Active,40000,0.136,5440,1,0.136,5440,KULDEEP KUMAR,Neha,O,342000303,LC NO260127FLCU00187DATED260729PI359000044
22854,345101265,2026-08-03 00:00:00,DEL00049,HPL ELECTRIC  POWER GURGAON 132133,4190089494,2026-07-31 00:00:00,2026-08-03 00:00:00,USD,SGM321YN5/TR,SICSGM321YN5TR,SG MICRO CORP,PD&E,18000,0.068,1224,1,0.068,1224,KULDEEP KUMAR,Neha,O,342000744,LC NO260127FLCU00187DATED260729PI359000044
22908,345101298,2026-08-17 00:00:00,JPR00003,GENUS POWER JAIPUR,1520008724,2026-08-03 00:00:00,2026-08-17 00:00:00,USD,AO3423,RMICC00000526,AOS,Active,216000,0.024,5184,1,0.024,5184,KULDEEP KUMAR,Prakash,O,341003600,AIR
22854,345101265,2026-08-03 00:00:00,DEL00049,HPL ELECTRIC  POWER GURGAON 132133,4190089494,2026-07-31 00:00:00,2026-08-03 00:00:00,USD,SGM321YN5/TR,SICSGM321YN5TR,SG MICRO CORP,PD&E,24000,0.068,1632,1,0.068,1632,KULDEEP KUMAR,Neha,O,342000744,LC NO260127FLCU00187DATED260729PI359000044
22908,345101298,2026-08-17 00:00:00,JPR00003,GENUS POWER JAIPUR,1520008731,2026-08-03 00:00:00,2026-08-17 00:00:00,USD,UHW1H471MPDDZXCA,RMCAP00001257,NICHICON,PD&E,15360,0.082,1259.52,1,0.082,1259.52,KULDEEP KUMAR,Prakash,O,341003546,AIR
22855,345101266,2026-08-03 00:00:00,DEL00049,HPL ELECTRIC  POWER GURGAON 132133,4190077791,2026-07-31 00:00:00,2026-08-03 00:00:00,USD,R5F11TLEDFB#15,SIC090R5F11TLEDFB,RENESAS,Active,5120,0.819,4193.28,1,0.819,4193.28,KULDEEP KUMAR,Neha,O,341000416,LC NO260127FLCU00187DATED260729PI359000044
22855,345101266,2026-08-03 00:00:00,DEL00049,HPL ELECTRIC  POWER GURGAON 132133,4190074523,2026-07-31 00:00:00,2026-08-03 00:00:00,USD,R5F11TLEDFB#15,SIC090R5F11TLEDFB,RENESAS,Active,5120,0.819,4193.28,1,0.819,4193.28,KULDEEP KUMAR,Neha,O,232403698,LC NO260127FLCU00187DATED260729PI359000044
22834,345101258,2026-08-03 00:00:00,DEL00051,IL JIN ELECTRONICS INDIA PVT LTD,POD012500017726,2026-07-30 00:00:00,2026-08-03 00:00:00,USD,R7FA6M1AD3CFM#AA0,ITRICS0324,RENESAS,Active,7698,1.26,9699.48,1,1.26,9699.48,ARPIT SINGH,Poonam Kashyap,O,341002467,AIR
22813,345101242,2026-08-03 00:00:00,DEL00057,KAYNES TECHNOLOGY INDIA LIMITEDDELHI,PURORD202539152,2026-07-30 00:00:00,2026-08-03 00:00:00,USD,IHLP2525CZEK150M5A,MLIBEK1055,VISHAY,PD&E,10000,0.245,2450,1,0.245,2450,ARPIT SINGH,Abha,O,341001548,
22813,345101242,2026-08-03 00:00:00,DEL00057,KAYNES TECHNOLOGY INDIA LIMITEDDELHI,PURORD202539152,2026-07-30 00:00:00,2026-08-03 00:00:00,USD,IHLP2525CZEK150M5A,MLIBEK1055,VISHAY,PD&E,25000,0.245,6125,1,0.245,6125,ARPIT SINGH,Abha,O,341001548,
22813,345101242,2026-08-03 00:00:00,DEL00057,KAYNES TECHNOLOGY INDIA LIMITEDDELHI,PURORD202539152,2026-07-30 00:00:00,2026-08-03 00:00:00,USD,IHLP2525CZEK150M5A,MLIBEK1055,VISHAY,PD&E,50000,0.245,12250,1,0.245,12250,ARPIT SINGH,Abha,O,341001548,
22813,345101242,2026-08-03 00:00:00,DEL00057,KAYNES TECHNOLOGY INDIA LIMITEDDELHI,PUR09202500017,2026-07-30 00:00:00,2026-08-03 00:00:00,USD,CRCW0402221KFKED,MLIBEK930,VISHAY,PD&E,40000,0.0006,24.8,1,0.0006,24.8,ARPIT SINGH,Abha,O,341002150,
22813,345101242,2026-08-03 00:00:00,DEL00057,KAYNES TECHNOLOGY INDIA LIMITEDDELHI,PURORD202600772,2026-07-30 00:00:00,2026-08-03 00:00:00,USD,CRCW201068R0FKEFHP,MLIBEK1061,VISHAY,PD&E,200000,0.045,9000,1,0.045,9000,ARPIT SINGH,Abha,O,341002407,
23067,345101397,2026-08-12 00:00:00,DEL01992,ANEVOLVE PRIVATE LIMITEDRAJASTHAN,7200000366,2026-08-11 00:00:00,2026-08-12 00:00:00,USD,ULD1H100MDD1TD,1011001226,NICHICON,PD&E,10000,0.0094,94,1,0.0094,94,SURAJ PANDEY,Vinny,O,342000993,AIR
22708,345101177,2026-08-06 00:00:00,DEL00063,M S ELECTROVISION PVT LTD HARYANA,PO26270000802,2026-07-27 00:00:00,2026-08-06 00:00:00,USD,R5F100ACASP#50,R5F100ACASP50,RENESAS,Active,10000,0.3,3000,1,0.3,3000,ABHISHEKH CHOUDHARY,Neha,O,342000789,AIR
22834,345101258,2026-08-03 00:00:00,DEL00051,IL JIN ELECTRONICS INDIA PVT LTD,POD012500017726,2026-07-30 00:00:00,2026-08-03 00:00:00,USD,R7FA6M1AD3CFM#AA0,ITRICS0324,RENESAS,Active,4523,1.26,5698.98,1,1.26,5698.98,ARPIT SINGH,Poonam Kashyap,O,341002467,AIR
22892,345101286,2026-08-04 00:00:00,AMD00188,SECURE METERS LIMITED SANAND,310230139533,2026-08-03 00:00:00,2026-08-04 00:00:00,USD,R7FA6M3AF3CFB#HA0,BIS1AA004,RENESAS,Active,800,2.667,2133.6,1,2.667,2133.6,SURAJ PANDEY,Vinny,O,341002560,AIR
22939,345101313,2026-08-19 00:00:00,DEL00072,NAPINO AUTO  ELECTRONICS LTDGURGAON,1069000556,2026-08-04 00:00:00,2026-08-19 00:00:00,USD,S1JMH-08,A13ED00627,TAIWAN SEMI,PD&E,3492000,0.009,31428,1,0.009,31428,ARPIT SINGH,Abha,O,341001674,
22939,345101313,2026-08-19 00:00:00,DEL00072,NAPINO AUTO  ELECTRONICS LTDGURGAON,1069000556,2026-08-04 00:00:00,2026-08-19 00:00:00,USD,S1JMH-08,A13ED00627,TAIWAN SEMI,PD&E,1008000,0.009,9072,1,0.009,9072,ARPIT SINGH,Abha,O,341001674,
22908,345101298,2026-08-17 00:00:00,JPR00003,GENUS POWER JAIPUR,1520008731,2026-08-03 00:00:00,2026-08-17 00:00:00,USD,UHW1H222MHDAZXCA,RMCAP00001258,NICHICON,PD&E,16800,0.32,5376,1,0.32,5376,KULDEEP KUMAR,Prakash,O,341003546,AIR
22908,345101298,2026-08-17 00:00:00,JPR00003,GENUS POWER JAIPUR,1520008731,2026-08-03 00:00:00,2026-08-17 00:00:00,USD,UHW1H102MHDBZXCA,RMCAP00001259,NICHICON,PD&E,20600,0.245,5047,1,0.245,5047,KULDEEP KUMAR,Prakash,O,341003546,AIR
22708,345101177,2026-08-06 00:00:00,DEL00063,M S ELECTROVISION PVT LTD HARYANA,PO25260001557,2026-07-27 00:00:00,2026-08-06 00:00:00,USD,R5F100ACASP#50,R5F100ACASP50,RENESAS,Active,5000,0.3,1500,1,0.3,1500,ABHISHEKH CHOUDHARY,Neha,O,341002009,AIR
22874,345101280,2026-08-03 00:00:00,DEL02393,TAISYS INDIA PRIVATE LIMITED,20260010,2026-07-31 00:00:00,2026-08-03 00:00:00,USD,RTP8A779H2ASKB0F10SA001＃WS,RTP8A779H2ASKB0F10SA001WS,RENESAS,Active,3,3990,11970,1,3990,11970,MAHESH KUMAR MITTAL,Poonam Kashyap,O,342000426,PI359000035
22432,345100979,2026-08-05 00:00:00,DEL00049,HPL ELECTRIC  POWER GURGAON 132133,4190086858,2026-07-20 00:00:00,2026-08-05 00:00:00,USD,UPT2G330MHDBZX,CAPL60ELEC33P0UFE5,NICHICON,PD&E,174600,0.15,26190,1,0.15,26190,KULDEEP KUMAR,Neha,O,341003726,SEA
22432,345100979,2026-08-05 00:00:00,DEL00049,HPL ELECTRIC  POWER GURGAON 132133,4190087746,2026-07-20 00:00:00,2026-08-05 00:00:00,USD,UPT2G330MHDBZX,CAPL60ELEC33P0UFE5,NICHICON,PD&E,25400,0.15,3810,1,0.15,3810,KULDEEP KUMAR,Neha,O,342000203,SEA
22432,345100979,2026-08-05 00:00:00,DEL00049,HPL ELECTRIC  POWER GURGAON 132133,,2026-07-20 00:00:00,2026-08-05 00:00:00,USD,Handling charges,Handling charges,OTHER,Not available,1,45,45,1,45,45,KULDEEP KUMAR,Neha,O,,SEA
22469,345101005,2026-08-05 00:00:00,DEL00049,HPL ELECTRIC  POWER GURGAON 132133,4190086852,2026-07-21 00:00:00,2026-08-05 00:00:00,USD,UHW1E222KHDBZX,CAPL42ELEC2200UF45,NICHICON,PD&E,59200,0.135,7992,1,0.135,7992,KULDEEP KUMAR,Neha,O,341003710,SEA MODE
22469,345101005,2026-08-05 00:00:00,DEL00049,HPL ELECTRIC  POWER GURGAON 132133,4190087746,2026-07-21 00:00:00,2026-08-05 00:00:00,USD,UPT2G330MHDBZX,CAPL60ELEC33P0UFE5,NICHICON,PD&E,100000,0.15,15000,1,0.15,15000,KULDEEP KUMAR,Neha,O,342000203,SEA MODE
22469,345101005,2026-08-05 00:00:00,DEL00049,HPL ELECTRIC  POWER GURGAON 132133,4190086322,2026-07-21 00:00:00,2026-08-05 00:00:00,USD,UCS2W330MHDFZX,CAPG43ELEC33P0UFG5,NICHICON,PD&E,36800,0.16,5888,1,0.16,5888,KULDEEP KUMAR,Neha,O,341003439,SEA MODE
22469,345101005,2026-08-05 00:00:00,DEL00049,HPL ELECTRIC  POWER GURGAON 132133,4190086322,2026-07-21 00:00:00,2026-08-05 00:00:00,USD,UCS2W330MHDFZX,CAPG43ELEC33P0UFG5,NICHICON,PD&E,40000,0.16,6400,1,0.16,6400,KULDEEP KUMAR,Neha,O,341003439,SEA MODE
22542,345101058,2026-08-05 00:00:00,DEL00049,HPL ELECTRIC  POWER GURGAON 132133,4190089447,2026-07-22 00:00:00,2026-08-05 00:00:00,USD,SM204F330KTKRTR3K0,SRES899M204330P0K1,FIRSTOHM,Others,249000,0.0064,1593.6,1,0.0064,1593.6,KULDEEP KUMAR,Neha,O,342000732,SEA
22542,345101058,2026-08-05 00:00:00,DEL00049,HPL ELECTRIC  POWER GURGAON 132133,4190089447,2026-07-22 00:00:00,2026-08-05 00:00:00,USD,SM204F330KTKRTR3K0,SRES899M204330P0K1,FIRSTOHM,Others,249000,0.0064,1593.6,1,0.0064,1593.6,KULDEEP KUMAR,Neha,O,342000732,SEA
22542,345101058,2026-08-05 00:00:00,DEL00049,HPL ELECTRIC  POWER GURGAON 132133,4190086984,2026-07-22 00:00:00,2026-08-05 00:00:00,USD,SPM6530T-1R0M120,SIND902SPM65301,TDK,PD&E,28000,0.07,1960,1,0.07,1960,KULDEEP KUMAR,Neha,O,342000024,SEA
22542,345101058,2026-08-05 00:00:00,DEL00049,HPL ELECTRIC  POWER GURGAON 132133,4190086984,2026-07-22 00:00:00,2026-08-05 00:00:00,USD,SPM6530T-1R0M120,SIND902SPM65301,TDK,PD&E,29000,0.07,2030,1,0.07,2030,KULDEEP KUMAR,Neha,O,342000024,SEA
22542,345101058,2026-08-05 00:00:00,DEL00049,HPL ELECTRIC  POWER GURGAON 132133,4190086984,2026-07-22 00:00:00,2026-08-05 00:00:00,USD,SPM6530T-1R0M120,SIND902SPM65301,TDK,PD&E,20000,0.07,1400,1,0.07,1400,KULDEEP KUMAR,Neha,O,342000024,SEA
22542,345101058,2026-08-05 00:00:00,DEL00049,HPL ELECTRIC  POWER GURGAON 132133,4190088874,2026-07-22 00:00:00,2026-08-05 00:00:00,USD,SPM6530T-1R0M120,SIND902SPM65301,TDK,PD&E,23000,0.07,1610,1,0.07,1610,KULDEEP KUMAR,Neha,O,342000733,SEA
22542,345101058,2026-08-05 00:00:00,DEL00049,HPL ELECTRIC  POWER GURGAON 132133,4190088874,2026-07-22 00:00:00,2026-08-05 00:00:00,USD,SPM6530T-1R0M120,SIND902SPM65301,TDK,PD&E,200000,0.07,14000,1,0.07,14000,KULDEEP KUMAR,Neha,O,342000733,SEA
22971,345101334,2026-08-13 00:00:00,DEL00859,PROBUS SMART THINGS PRIVATE LIMITED,,2026-08-05 00:00:00,2026-08-13 00:00:00,USD,Handling charges,Handling charges,OTHER,Not available,1,45,45,1,45,45,KULDEEP KUMAR,Abha,O,,DROPSHIP FROM LUYOUFA TO PROBUS
23137,345101445,2026-08-14 00:00:00,DEL01317,HMCMM AUTO LTD,POCOMP24250111,2026-08-13 00:00:00,2026-08-14 00:00:00,USD,CGA6P1X7R1C226M,IMRM00054,TDK,PD&E,10000,0.1,1000,1,0.1,1000,ARPIT SINGH,Palak,O,232404363,AIR
22827,345101252,2026-08-06 00:00:00,DEL02247,ESYASOFT LANDIS AND GYR LIMITED,7000001195,2026-07-30 00:00:00,2026-08-06 00:00:00,USD,EC800GCNLD-I03-SNNDA2,314000283,QUECTEL,Active,5000,2.61,13050,1,2.61,13050,KULDEEP KUMAR,Abha,O,341002623,
22827,345101252,2026-08-06 00:00:00,DEL02247,ESYASOFT LANDIS AND GYR LIMITED,7000001435,2026-07-30 00:00:00,2026-08-06 00:00:00,USD,EC800GCNLD-I03-SNNDA2,314000283,QUECTEL,Active,5000,2.61,13050,1,2.61,13050,KULDEEP KUMAR,Abha,O,341003608,
23138,345101446,2026-08-14 00:00:00,DEL01317,HMCMM AUTO LTD,POCOMP24250111,2026-08-13 00:00:00,2026-08-14 00:00:00,USD,CGA6P1X7R1E106K,IMRM00040,TDK,PD&E,6000,0.07,420,1,0.07,420,ARPIT SINGH,Palak,O,232404363,AIR
22890,345101284,2026-08-07 00:00:00,DEL00072,NAPINO AUTO  ELECTRONICS LTDGURGAON,1029001422,2026-08-03 00:00:00,2026-08-07 00:00:00,USD,ESR03EZPF2492,A11ED04215,ROHM,PD&E,5000,0.0043,21.75,1,0.0043,21.75,ARPIT SINGH,Abha,O,232400933,AIR
22962,345101325,2026-08-07 00:00:00,KKT00087,UMA POLY SOLUTIONS PVT LTD,UPS2600296,2026-08-05 00:00:00,2026-08-07 00:00:00,USD,22850207CNG1SYA01,EL388SM004,LUYOUFA,PD&E,1000,0.05,50,1,0.05,50,KULDEEP KUMAR,Neha Chauhan,C,341003558,AIR
22599,345101100,2026-08-06 00:00:00,DEL01199,CAPITAL POWER SYSTEMS LTD,IPO2510252,2026-07-23 00:00:00,2026-08-06 00:00:00,USD,UHV1C471MPD1TD,UHV1C471MPD1TD,NICHICON,PD&E,84000,0.0425,3570,1,0.0425,3570,KULDEEP KUMAR,Poonam Kashyap,O,341002831,LC NO 0407926IM0Y00164DATED 260715PI359000029SEA MODE
22599,345101100,2026-08-06 00:00:00,DEL01199,CAPITAL POWER SYSTEMS LTD,IPO2510252,2026-07-23 00:00:00,2026-08-06 00:00:00,USD,UHV1C471MPD1TD,UHV1C471MPD1TD,NICHICON,PD&E,71000,0.0425,3017.5,1,0.0425,3017.5,KULDEEP KUMAR,Poonam Kashyap,O,341002831,LC NO 0407926IM0Y00164DATED 260715PI359000029SEA MODE
22599,345101100,2026-08-06 00:00:00,DEL01199,CAPITAL POWER SYSTEMS LTD,IPO2510252,2026-07-23 00:00:00,2026-08-06 00:00:00,USD,UCY2W330MHD1TO,UCY2W330MHD1TO,NICHICON,PD&E,105000,0.188,19740,1,0.188,19740,KULDEEP KUMAR,Poonam Kashyap,O,341002831,LC NO 0407926IM0Y00164DATED 260715PI359000029SEA MODE
22599,345101100,2026-08-06 00:00:00,DEL01199,CAPITAL POWER SYSTEMS LTD,IPO2510252,2026-07-23 00:00:00,2026-08-06 00:00:00,USD,UCY2W330MHD1TO,UCY2W330MHD1TO,NICHICON,PD&E,30000,0.188,5640,1,0.188,5640,KULDEEP KUMAR,Poonam Kashyap,O,341002831,LC NO 0407926IM0Y00164DATED 260715PI359000029SEA MODE
22599,345101100,2026-08-06 00:00:00,DEL01199,CAPITAL POWER SYSTEMS LTD,IPO2510252,2026-07-23 00:00:00,2026-08-06 00:00:00,USD,UHW1E102MPD1TD,UHW1E102MPD1TD,NICHICON,PD&E,200000,0.06,12000,1,0.06,12000,KULDEEP KUMAR,Poonam Kashyap,O,341002831,LC NO 0407926IM0Y00164DATED 260715PI359000029SEA MODE
22599,345101100,2026-08-06 00:00:00,DEL01199,CAPITAL POWER SYSTEMS LTD,IPO2510252,2026-07-23 00:00:00,2026-08-06 00:00:00,USD,UHW1E102MPD1TD,UHW1E102MPD1TD,NICHICON,PD&E,177000,0.06,10620,1,0.06,10620,KULDEEP KUMAR,Poonam Kashyap,O,341002831,LC NO 0407926IM0Y00164DATED 260715PI359000029SEA MODE
22962,345101325,2026-08-07 00:00:00,KKT00087,UMA POLY SOLUTIONS PVT LTD,UPS2600296,2026-08-05 00:00:00,2026-08-07 00:00:00,USD,2285-203G0ASY01,EL349SM113,LUYOUFA,PD&E,1000,0.0325,32.5,1,0.0325,32.5,KULDEEP KUMAR,Neha Chauhan,C,341003558,AIR
22962,345101325,2026-08-07 00:00:00,KKT00087,UMA POLY SOLUTIONS PVT LTD,UPS2600296,2026-08-05 00:00:00,2026-08-07 00:00:00,USD,B82144B2333J V 3,EL348SM008,EPCOS,PD&E,2000,0.137,274,1,0.137,274,KULDEEP KUMAR,Neha Chauhan,C,341003558,AIR
22962,345101325,2026-08-07 00:00:00,KKT00087,UMA POLY SOLUTIONS PVT LTD,UPS2600296,2026-08-05 00:00:00,2026-08-07 00:00:00,USD,TJMS5760#02,EL380SM023,TIANMA,Active,1188,0.34,403.92,1,0.34,403.92,KULDEEP KUMAR,Neha Chauhan,C,341003558,AIR
22962,345101325,2026-08-07 00:00:00,KKT00087,UMA POLY SOLUTIONS PVT LTD,UPS2600296,2026-08-05 00:00:00,2026-08-07 00:00:00,USD,UCD1C100MCL1GS,EL343SM009,NICHICON,PD&E,2000,0.0693,138.6,1,0.0693,138.6,KULDEEP KUMAR,Neha Chauhan,C,341003558,AIR
22962,345101325,2026-08-07 00:00:00,KKT00087,UMA POLY SOLUTIONS PVT LTD,UPS2600296,2026-08-05 00:00:00,2026-08-07 00:00:00,USD,UCM1C101MCL1GS,EL343SM030,NICHICON,PD&E,1000,0.0696,69.63,1,0.0696,69.63,KULDEEP KUMAR,Neha Chauhan,C,341003558,AIR
22962,345101325,2026-08-07 00:00:00,KKT00087,UMA POLY SOLUTIONS PVT LTD,UPS2600296,2026-08-05 00:00:00,2026-08-07 00:00:00,USD,UHW1E102MPD,EL340SM011,NICHICON,PD&E,600,0.0671,40.26,1,0.0671,40.26,KULDEEP KUMAR,Neha Chauhan,C,341003558,AIR
22962,345101325,2026-08-07 00:00:00,KKT00087,UMA POLY SOLUTIONS PVT LTD,UPS2600296,2026-08-05 00:00:00,2026-08-07 00:00:00,USD,UCY2G330MHD,EL340SM013,NICHICON,PD&E,800,0.2211,176.88,1,0.2211,176.88,KULDEEP KUMAR,Neha Chauhan,C,341003558,AIR
22962,345101325,2026-08-07 00:00:00,KKT00087,UMA POLY SOLUTIONS PVT LTD,UPS2600296,2026-08-05 00:00:00,2026-08-07 00:00:00,USD,UHW1C471MPD,EL340SM015,NICHICON,PD&E,1000,0.0825,82.5,1,0.0825,82.5,KULDEEP KUMAR,Neha Chauhan,C,341003558,AIR
22985,345101340,2026-08-07 00:00:00,KKT00087,UMA POLY SOLUTIONS PVT LTD,UPS2600296,2026-08-06 00:00:00,2026-08-07 00:00:00,USD,22850207CNG1SYA01,EL388SM004,LUYOUFA,PD&E,100,0.05,5,1,0.05,5,KULDEEP KUMAR,Neha Chauhan,O,341003558,AIR
22985,345101340,2026-08-07 00:00:00,KKT00087,UMA POLY SOLUTIONS PVT LTD,UPS2600296,2026-08-06 00:00:00,2026-08-07 00:00:00,USD,2285-203G0ASY01,EL349SM113,LUYOUFA,PD&E,40,0.0325,1.3,1,0.0325,1.3,KULDEEP KUMAR,Neha Chauhan,O,341003558,AIR
23017,345101362,2026-08-07 00:00:00,DEL00052,INDICATION INSTRUMENTS LTD,IMP406332,2026-08-06 00:00:00,2026-08-07 00:00:00,USD,FH28K-10S-0.5SH,CON34073,HIROSE,PD&E,6000,0.316,1896,1,0.316,1896,MAHESH KUMAR MITTAL,Prakash,O,342000359,AIR
23001,345101354,2026-08-07 00:00:00,DEL01452,AGGRESSIVE ELECTRONICS MANUFACTURING SERVICES PVT LTD,P2500909,2026-08-06 00:00:00,2026-08-07 00:00:00,USD,CNA6P1X7R2A475K,CNA6P1X7R2A475K,TDK,PD&E,6000,0.4025,2415,1,0.4025,2415,MAHESH KUMAR MITTAL,Abha,O,341001363,AIR
23001,345101354,2026-08-07 00:00:00,DEL01452,AGGRESSIVE ELECTRONICS MANUFACTURING SERVICES PVT LTD,P2500909,2026-08-06 00:00:00,2026-08-07 00:00:00,USD,CGA3E1X7R1C105K,CGA3E1X7R1C105K,TDK,PD&E,4000,0.0053,21.2,1,0.0053,21.2,MAHESH KUMAR MITTAL,Abha,O,341001363,AIR
22893,345101287,2026-08-07 00:00:00,DEL00072,NAPINO AUTO  ELECTRONICS LTDGURGAON,1029002309,2026-08-03 00:00:00,2026-08-07 00:00:00,USD,SMAJ30CAH,A13ED01068,TAIWAN SEMI,PD&E,37500,0.0285,1068.75,1,0.0285,1068.75,ARPIT SINGH,Abha,O,341001311,AIR
22893,345101287,2026-08-07 00:00:00,DEL00072,NAPINO AUTO  ELECTRONICS LTDGURGAON,1029002309,2026-08-03 00:00:00,2026-08-07 00:00:00,USD,SMAJ30CAH,A13ED01068,TAIWAN SEMI,PD&E,67500,0.0285,1923.75,1,0.0285,1923.75,ARPIT SINGH,Abha,O,341001311,AIR
22971,345101334,2026-08-13 00:00:00,DEL00859,PROBUS SMART THINGS PRIVATE LIMITED,PSTPO262784,2026-08-05 00:00:00,2026-08-13 00:00:00,USD,1225-2102CNG0R185001,12252102CNG0R185001,LUYOUFA,PD&E,5000,0.0185,92.5,1,0.0185,92.5,KULDEEP KUMAR,Abha,O,342000692,DROPSHIP FROM LUYOUFA TO PROBUS
22971,345101334,2026-08-13 00:00:00,DEL00859,PROBUS SMART THINGS PRIVATE LIMITED,PSTPO262784,2026-08-05 00:00:00,2026-08-13 00:00:00,USD,2285-0102ANG1SYA01,22850102ANG1SYA01,LUYOUFA,PD&E,5000,0.0241,120.5,1,0.0241,120.5,KULDEEP KUMAR,Abha,O,342000692,DROPSHIP FROM LUYOUFA TO PROBUS
22971,345101334,2026-08-13 00:00:00,DEL00859,PROBUS SMART THINGS PRIVATE LIMITED,PSTPO262784,2026-08-05 00:00:00,2026-08-13 00:00:00,USD,1225-2106CNG0R190001,12252106CNG0R190001,LUYOUFA,PD&E,5000,0.0483,241.5,1,0.0483,241.5,KULDEEP KUMAR,Abha,O,342000692,DROPSHIP FROM LUYOUFA TO PROBUS
22971,345101334,2026-08-13 00:00:00,DEL00859,PROBUS SMART THINGS PRIVATE LIMITED,PSTPO262784,2026-08-05 00:00:00,2026-08-13 00:00:00,USD,2285-0106ANG4SYA01,22850106ANG4SYA01,LUYOUFA,PD&E,5000,0.0644,322,1,0.0644,322,KULDEEP KUMAR,Abha,O,342000692,DROPSHIP FROM LUYOUFA TO PROBUS
22891,345101285,2026-08-11 00:00:00,DEL01992,ANEVOLVE PRIVATE LIMITEDRAJASTHAN,7200000340,2026-08-03 00:00:00,2026-08-11 00:00:00,USD,MLX92211LUA-BAA-050-BU,1011002070,MELEXIS,Active,45000,0.193,8685,1,0.193,8685,SURAJ PANDEY,Vinny,O,342000865,AIR
23174,345101474,2026-08-17 00:00:00,DEL00042,FIEM INDUSTRIES LTDALWAR,6700004585,2026-08-14 00:00:00,2026-08-17 00:00:00,USD,MPZ1608S102ATD25,13004197,TDK,PD&E,104000,0.0092,956.8,1,0.0092,956.8,KULDEEP KUMAR,Palak,O,342000266,AIR
23018,345101363,2026-08-07 00:00:00,DEL01992,ANEVOLVE PRIVATE LIMITEDRAJASTHAN,7200000912,2026-08-07 00:00:00,2026-08-07 00:00:00,USD,BM61M41RFV-CE2,1011000656,ROHM,PD&E,10500,0.687,7213.5,1,0.687,7213.5,SURAJ PANDEY,Vinny,O,341002051,AIR
23018,345101363,2026-08-07 00:00:00,DEL01992,ANEVOLVE PRIVATE LIMITEDRAJASTHAN,7200000952,2026-08-07 00:00:00,2026-08-07 00:00:00,USD,GMR100HJBFER015,1011001206,ROHM,PD&E,4000,0.158,632,1,0.158,632,SURAJ PANDEY,Vinny,O,341002706,AIR
23018,345101363,2026-08-07 00:00:00,DEL01992,ANEVOLVE PRIVATE LIMITEDRAJASTHAN,7200000869,2026-08-07 00:00:00,2026-08-07 00:00:00,USD,PA2512FKF7W0R1E,1011001127,YAGEO,PD&E,16000,0.149,2383.52,1,0.149,2383.52,SURAJ PANDEY,Vinny,O,341001989,AIR
23018,345101363,2026-08-07 00:00:00,DEL01992,ANEVOLVE PRIVATE LIMITEDRAJASTHAN,7200000909,2026-08-07 00:00:00,2026-08-07 00:00:00,USD,RC1206FR-071M8L,1011001187,YAGEO,PD&E,5000,0.002,9.8,1,0.002,9.8,SURAJ PANDEY,Vinny,O,341002419,AIR
22932,345101310,2026-08-07 00:00:00,DEL00083,SECURE METERS LIMITED,2102300162262,2026-08-04 00:00:00,2026-08-07 00:00:00,USD,MX25V4035FM1I,BIS108112,MACRONIX,Active,5000,0.2,1000,1,0.2,1000,SURAJ PANDEY,Vinny,O,341003316,AIR
22932,345101310,2026-08-07 00:00:00,DEL00083,SECURE METERS LIMITED,2102300162266,2026-08-04 00:00:00,2026-08-07 00:00:00,USD,MX25V4035FM1I,BIS108112,MACRONIX,Active,25000,0.2,5000,1,0.2,5000,SURAJ PANDEY,Vinny,O,341003414,AIR
22876,345101282,2026-08-11 00:00:00,DEL00049,HPL ELECTRIC  POWER GURGAON 132133,4190086852,2026-07-31 00:00:00,2026-08-11 00:00:00,USD,UHW1C102MPD,CAPM17ELEC1000UF35,NICHICON,PD&E,36800,0.057,2097.6,1,0.057,2097.6,KULDEEP KUMAR,Neha,O,341003710,DS FR NICHICON SGAIRNI260006632
22876,345101282,2026-08-11 00:00:00,DEL00049,HPL ELECTRIC  POWER GURGAON 132133,4190087070,2026-07-31 00:00:00,2026-08-11 00:00:00,USD,UHW1C102MPD,CAPM17ELEC1000UF35,NICHICON,PD&E,24600,0.057,1402.2,1,0.057,1402.2,KULDEEP KUMAR,Neha,O,341003729,DS FR NICHICON SGAIRNI260006632
22877,345101283,2026-08-11 00:00:00,DEL00049,HPL ELECTRIC  POWER GURGAON 132133,4190087070,2026-07-31 00:00:00,2026-08-11 00:00:00,USD,UHW1C102MPD,CAPM17ELEC1000UF35,NICHICON,PD&E,64000,0.057,3648,1,0.057,3648,KULDEEP KUMAR,Neha,O,341003729,DS FR NICHICON SGAIRNI260006633
23022,345101365,2026-08-11 00:00:00,DEL00049,HPL ELECTRIC  POWER GURGAON 132133,4190084693,2026-08-07 00:00:00,2026-08-11 00:00:00,USD,BR24G512FJ-3AGTE2,SIC762BR24G512FJ3A,ROHM,PD&E,12500,0.127,1587.5,1,0.127,1587.5,KULDEEP KUMAR,Neha,O,341003403,LC NO 06999FOUU2621101DATED260731PI359000048
23022,345101365,2026-08-11 00:00:00,DEL00049,HPL ELECTRIC  POWER GURGAON 132133,4190086107,2026-08-07 00:00:00,2026-08-11 00:00:00,USD,BR24G512FJ-3AGTE2,SIC762BR24G512FJ3A,ROHM,PD&E,5000,0.127,635,1,0.127,635,KULDEEP KUMAR,Neha,O,341003441,LC NO 06999FOUU2621101DATED260731PI359000048
23022,345101365,2026-08-11 00:00:00,DEL00049,HPL ELECTRIC  POWER GURGAON 132133,4190083565,2026-08-07 00:00:00,2026-08-11 00:00:00,USD,MX25V4035FM1I,SIC743MX25V4035F,MACRONIX,Active,52500,0.177,9292.5,1,0.177,9292.5,KULDEEP KUMAR,Neha,O,341002345,LC NO 06999FOUU2621101DATED260731PI359000048
23022,345101365,2026-08-11 00:00:00,DEL00049,HPL ELECTRIC  POWER GURGAON 132133,4190087401,2026-08-07 00:00:00,2026-08-11 00:00:00,USD,SF72S006VBDR2500,SIMM97 SF72S006VBD,JAE,PD&E,100000,0.178,17800,1,0.178,17800,KULDEEP KUMAR,Neha,O,341003730,LC NO 06999FOUU2621101DATED260731PI359000048
23021,345101364,2026-08-11 00:00:00,DEL00049,HPL ELECTRIC  POWER GURGAON 132133,4190086324,2026-08-07 00:00:00,2026-08-11 00:00:00,USD,AT25SF041B-SSHD-T,SIC743AT25SF041B,Dialog-RENESAS,Active,8000,0.136,1088,1,0.136,1088,KULDEEP KUMAR,Neha,O,342000303,LC NO 06999FOUU2621101DATED260731PI359000048
23021,345101364,2026-08-11 00:00:00,DEL00049,HPL ELECTRIC  POWER GURGAON 132133,4190086324,2026-08-07 00:00:00,2026-08-11 00:00:00,USD,AT25SF041B-SSHD-T,SIC743AT25SF041B,Dialog-RENESAS,Active,60000,0.136,8160,1,0.136,8160,KULDEEP KUMAR,Neha,O,342000303,LC NO 06999FOUU2621101DATED260731PI359000048
23000,345101353,2026-08-11 00:00:00,AMD00188,SECURE METERS LIMITED SANAND,3102300056161,2026-08-06 00:00:00,2026-08-11 00:00:00,USD,MX25L6433FM2I-08G TAPE & REEL,BIS108134,MACRONIX,Active,28000,0.493,13804,1,0.493,13804,SURAJ PANDEY,Vinny,O,341003126,AIR
23000,345101353,2026-08-11 00:00:00,AMD00188,SECURE METERS LIMITED SANAND,3102300056162,2026-08-06 00:00:00,2026-08-11 00:00:00,USD,MX25L6433FM2I-08G TAPE & REEL,BIS108134,MACRONIX,Active,72000,0.493,35496,1,0.493,35496,SURAJ PANDEY,Vinny,O,341003240,AIR
23025,345101367,2026-08-11 00:00:00,GUJ00007,ELITE ELECTRONICS,EEPO25263950,2026-08-07 00:00:00,2026-08-11 00:00:00,USD,R7F0C001G2DFB-C#BA0,R7F0C001G2DFBCBA0,RENESAS,Active,4000,0.448,1792,1,0.448,1792,HARSH DOSHI,Neha,O,341003130,AIR
23025,345101367,2026-08-11 00:00:00,GUJ00007,ELITE ELECTRONICS,EEPO25263950,2026-08-07 00:00:00,2026-08-11 00:00:00,USD,R7F0C001G2DFB-C#BA0,R7F0C001G2DFBCBA0,RENESAS,Active,4000,0.448,1792,1,0.448,1792,HARSH DOSHI,Neha,O,341003130,AIR
23024,345101366,2026-08-11 00:00:00,GUJ00007,ELITE ELECTRONICS,EEPO2627461,2026-08-07 00:00:00,2026-08-11 00:00:00,USD,BCX19MGT116,BCX19MGT116,ROHM,PD&E,9000,0.0075,67.5,1,0.0075,67.5,HARSH DOSHI,Neha,O,341003770,AIR
23024,345101366,2026-08-11 00:00:00,GUJ00007,ELITE ELECTRONICS,EEPO2627200,2026-08-07 00:00:00,2026-08-11 00:00:00,USD,DTA114EKAT146,DTA114EKAT146,ROHM,PD&E,6000,0.0111,66.6,1,0.0111,66.6,HARSH DOSHI,Neha,O,341003413,AIR
23024,345101366,2026-08-11 00:00:00,GUJ00007,ELITE ELECTRONICS,EEPO262768,2026-08-07 00:00:00,2026-08-11 00:00:00,USD,BA10393F-E2,BA10393FE2,ROHM,PD&E,50000,0.0414,2070,1,0.0414,2070,HARSH DOSHI,Neha,O,341003236,AIR
23024,345101366,2026-08-11 00:00:00,GUJ00007,ELITE ELECTRONICS,EEPO25263942,2026-08-07 00:00:00,2026-08-11 00:00:00,USD,SST3906MGT116,SST3906MGT116,ROHM,PD&E,2000,0.0072,14.4,1,0.0072,14.4,HARSH DOSHI,Neha,O,341003134,AIR
23024,345101366,2026-08-11 00:00:00,GUJ00007,ELITE ELECTRONICS,EEPO25263942,2026-08-07 00:00:00,2026-08-11 00:00:00,USD,SST3906MGT116,SST3906MGT116,ROHM,PD&E,1000,0.0072,7.2,1,0.0072,7.2,HARSH DOSHI,Neha,O,341003134,AIR
23024,345101366,2026-08-11 00:00:00,GUJ00007,ELITE ELECTRONICS,EEPO2627461,2026-08-07 00:00:00,2026-08-11 00:00:00,USD,BR24G256FJ-3GTE2,BR24G256FJ3GTE2,ROHM,PD&E,7500,0.09,675,1,0.09,675,HARSH DOSHI,Neha,O,341003770,AIR
23024,345101366,2026-08-11 00:00:00,GUJ00007,ELITE ELECTRONICS,EEPO2627461,2026-08-07 00:00:00,2026-08-11 00:00:00,USD,SST2222AMGT116,SST2222AMGT116,ROHM,PD&E,30000,0.0069,207,1,0.0069,207,HARSH DOSHI,Neha,O,341003770,AIR
23024,345101366,2026-08-11 00:00:00,GUJ00007,ELITE ELECTRONICS,EEPO2627549,2026-08-07 00:00:00,2026-08-11 00:00:00,USD,GBPC5010-G,GBPC5010G,COMCHIP,Others,1500,1.23,1845,1,1.23,1845,HARSH DOSHI,Neha,O,341003728,AIR
23024,345101366,2026-08-11 00:00:00,GUJ00007,ELITE ELECTRONICS,EEPO2627549,2026-08-07 00:00:00,2026-08-11 00:00:00,USD,GBPC5010-G,GBPC5010G,COMCHIP,Others,1500,1.23,1845,1,1.23,1845,HARSH DOSHI,Neha,O,341003728,AIR
22997,345101350,2026-08-11 00:00:00,DEL00083,SECURE METERS LIMITED,2102600009,2026-08-06 00:00:00,2026-08-11 00:00:00,USD,ISL9113AIRAZ-T,BIS108154,INTERSIL-RENESAS,Active,6000,0.2,1200,1,0.2,1200,SURAJ PANDEY,Vinny,O,341003302,AIR
22907,345101297,2026-08-11 00:00:00,JPR00003,GENUS POWER JAIPUR,1520008217,2026-08-03 00:00:00,2026-08-11 00:00:00,JPY,UCD1E101MCL1GS,RMCAP00001029,NICHICON,PD&E,48600,3.52,171072,0.0062,0.0219,1065.78,KULDEEP KUMAR,Prakash,O,341001168,AIR
22907,345101297,2026-08-11 00:00:00,JPR00003,GENUS POWER JAIPUR,1520008217,2026-08-03 00:00:00,2026-08-11 00:00:00,JPY,UCD1E101MCL1GS,RMCAP00001029,NICHICON,PD&E,44100,3.52,155232,0.0062,0.0219,967.1,KULDEEP KUMAR,Prakash,O,341001168,AIR
22907,345101297,2026-08-11 00:00:00,JPR00003,GENUS POWER JAIPUR,1520008798,2026-08-03 00:00:00,2026-08-11 00:00:00,JPY,UCD1E101MCL1GS,RMCAP00001029,NICHICON,PD&E,99900,3.52,351648,0.0062,0.0219,2190.77,KULDEEP KUMAR,Prakash,O,341003780,AIR
22907,345101297,2026-08-11 00:00:00,JPR00003,GENUS POWER JAIPUR,1520008798,2026-08-03 00:00:00,2026-08-11 00:00:00,JPY,UCD1E101MCL1GS,RMCAP00001029,NICHICON,PD&E,99900,3.52,351648,0.0062,0.0219,2190.77,KULDEEP KUMAR,Prakash,O,341003780,AIR
22907,345101297,2026-08-11 00:00:00,JPR00003,GENUS POWER JAIPUR,1520008798,2026-08-03 00:00:00,2026-08-11 00:00:00,JPY,UCD1E101MCL1GS,RMCAP00001029,NICHICON,PD&E,99900,3.52,351648,0.0062,0.0219,2190.77,KULDEEP KUMAR,Prakash,O,341003780,AIR
22958,345101321,2026-08-13 00:00:00,DEL01976,KIMBAL PRIVATE LIMITED,4200000254,2026-08-05 00:00:00,2026-08-13 00:00:00,USD,JBD506322AG1C,PDS00104400,JODING,Others,56475,0.079,4461.53,1,0.079,4461.53,ARPIT SINGH,Prakash,O,342000673,DS FR JODINGINV JDIN26080301COOCHINA
22958,345101321,2026-08-13 00:00:00,DEL01976,KIMBAL PRIVATE LIMITED,4200000254,2026-08-05 00:00:00,2026-08-13 00:00:00,USD,JBD506322AG1C,PDS00104400,JODING,Others,92025,0.079,7269.98,1,0.079,7269.98,ARPIT SINGH,Prakash,O,342000673,DS FR JODINGINV JDIN26080301COOCHINA
23120,345101434,2026-08-13 00:00:00,DEL01992,ANEVOLVE PRIVATE LIMITEDRAJASTHAN,7200000909,2026-08-13 00:00:00,2026-08-13 00:00:00,USD,PA2512FKF7W0R1E,1011001127,YAGEO,PD&E,8000,0.138,1104,1,0.138,1104,SURAJ PANDEY,Vinny,O,341002419,AIR
23120,345101434,2026-08-13 00:00:00,DEL01992,ANEVOLVE PRIVATE LIMITEDRAJASTHAN,7200000909,2026-08-13 00:00:00,2026-08-13 00:00:00,USD,PA2512FKF7W0R1E,1011001127,YAGEO,PD&E,8000,0.138,1104,1,0.138,1104,SURAJ PANDEY,Vinny,O,341002419,AIR
23138,345101446,2026-08-14 00:00:00,DEL01317,HMCMM AUTO LTD,POCOMP24250111,2026-08-13 00:00:00,2026-08-14 00:00:00,USD,CGA6P1X7R1E106K,IMRM00040,TDK,PD&E,34000,0.07,2380,1,0.07,2380,ARPIT SINGH,Palak,O,232404363,AIR
23107,345101426,2026-08-14 00:00:00,DEL00049,HPL ELECTRIC  POWER GURGAON 132133,,2026-08-12 00:00:00,2026-08-14 00:00:00,USD,Handling charges,Handling charges,OTHER,Not available,1,45,45,1,45,45,KULDEEP KUMAR,Neha,O,,AIR
23134,345101443,2026-08-17 00:00:00,DEL00083,SECURE METERS LIMITED,2102602400,2026-08-13 00:00:00,2026-08-17 00:00:00,USD,TM12864Y4BCSUGGA#01,BJP431554,TIANMA,Active,576,1.69,973.44,1,1.69,973.44,SURAJ PANDEY,Vinny,O,342000373,Dropship from Tianma to Secure Meters LimitedINV13794766
23171,345101471,2026-08-17 00:00:00,DEL00051,IL JIN ELECTRONICS INDIA PVT LTD,POD012500021146,2026-08-14 00:00:00,2026-08-17 00:00:00,USD,UM3232EEUE,ITRICS0017,UNION SEMI,PD&E,6000,0.179,1074,1,0.179,1074,ARPIT SINGH,Poonam Kashyap,O,341002968,AIR
23171,345101471,2026-08-17 00:00:00,DEL00051,IL JIN ELECTRONICS INDIA PVT LTD,POD012500021146,2026-08-14 00:00:00,2026-08-17 00:00:00,USD,UM3232EEUE,ITRICS0017,UNION SEMI,PD&E,15000,0.179,2685,1,0.179,2685,ARPIT SINGH,Poonam Kashyap,O,341002968,AIR
22632,345101122,2026-08-13 00:00:00,DEL00046,GENUS POWER INFRASTRUCTURES LTD,1530017866,2026-07-24 00:00:00,2026-08-13 00:00:00,USD,AO3423,RMICC00000526,AOS,Active,69000,0.024,1656,1,0.024,1656,KULDEEP KUMAR,Prakash,O,341003599,DS FR AOS TO GENUSPICKUP ADDCHONGQING SIMIC SEMICONDUCTOR LIMITEDNO288 YUEFU ROAD BEIBEI DISTRICT CHONGQING 400709 PR CHINA
22632,345101122,2026-08-13 00:00:00,DEL00046,GENUS POWER INFRASTRUCTURES LTD,1530017866,2026-07-24 00:00:00,2026-08-13 00:00:00,USD,AO3423,RMICC00000526,AOS,Active,462000,0.024,11088,1,0.024,11088,KULDEEP KUMAR,Prakash,O,341003599,DS FR AOS TO GENUSPICKUP ADDCHONGQING SIMIC SEMICONDUCTOR LIMITEDNO288 YUEFU ROAD BEIBEI DISTRICT CHONGQING 400709 PR CHINA
22632,345101122,2026-08-13 00:00:00,DEL00046,GENUS POWER INFRASTRUCTURES LTD,1530017866,2026-07-24 00:00:00,2026-08-13 00:00:00,USD,AO3423,RMICC00000526,AOS,Active,249000,0.024,5976,1,0.024,5976,KULDEEP KUMAR,Prakash,O,341003599,DS FR AOS TO GENUSPICKUP ADDCHONGQING SIMIC SEMICONDUCTOR LIMITEDNO288 YUEFU ROAD BEIBEI DISTRICT CHONGQING 400709 PR CHINA
23171,345101471,2026-08-17 00:00:00,DEL00051,IL JIN ELECTRONICS INDIA PVT LTD,,2026-08-14 00:00:00,2026-08-17 00:00:00,USD,Handling charges,Handling charges,OTHER,Not available,1,111,111,1,111,111,ARPIT SINGH,Poonam Kashyap,O,,AIR
23172,345101472,2026-08-17 00:00:00,DEL00051,IL JIN ELECTRONICS INDIA PVT LTD,POD012500017726,2026-08-14 00:00:00,2026-08-17 00:00:00,USD,R7FA6M1AD3CFM#AA0,ITRICS0324,RENESAS,Active,4963,1.26,6253.38,1,1.26,6253.38,ARPIT SINGH,Poonam Kashyap,O,341002467,AIR
23172,345101472,2026-08-17 00:00:00,DEL00051,IL JIN ELECTRONICS INDIA PVT LTD,,2026-08-14 00:00:00,2026-08-17 00:00:00,USD,Handling charges,Handling charges,OTHER,Not available,1,183,183,1,183,183,ARPIT SINGH,Poonam Kashyap,O,,AIR
23170,345101470,2026-08-17 00:00:00,DEL00051,IL JIN ELECTRONICS INDIA PVT LTD,POD0126260420,2026-08-14 00:00:00,2026-08-17 00:00:00,USD,LBWA0ZZ2DS-875,ITRICS0457,MURATA,PD&E,2000,3.65,7300,1,3.65,7300,ARPIT SINGH,Poonam Kashyap,O,341003523,AIR
23170,345101470,2026-08-17 00:00:00,DEL00051,IL JIN ELECTRONICS INDIA PVT LTD,POD0126260420,2026-08-14 00:00:00,2026-08-17 00:00:00,USD,LBWA0ZZ2DS-875,ITRICS0457,MURATA,PD&E,3000,3.65,10950,1,3.65,10950,ARPIT SINGH,Poonam Kashyap,O,341003523,AIR
23170,345101470,2026-08-17 00:00:00,DEL00051,IL JIN ELECTRONICS INDIA PVT LTD,,2026-08-14 00:00:00,2026-08-17 00:00:00,USD,Handling charges,Handling charges,OTHER,Not available,1,530.52,530.52,1,530.52,530.52,ARPIT SINGH,Poonam Kashyap,O,,AIR
23245,345101528,2026-08-19 00:00:00,DEL00049,HPL ELECTRIC  POWER GURGAON 132133,4190086095,2026-08-18 00:00:00,2026-08-19 00:00:00,USD,UPW1H471KHDCZX,CAP1148ELE470UF75,NICHICON,PD&E,32000,0.105,3360,1,0.105,3360,KULDEEP KUMAR,Neha,O,341003396,AIR
23245,345101528,2026-08-19 00:00:00,DEL00049,HPL ELECTRIC  POWER GURGAON 132133,4190086858,2026-08-18 00:00:00,2026-08-19 00:00:00,USD,UPW1H471KHDCZX,CAP1148ELE470UF75,NICHICON,PD&E,32000,0.105,3360,1,0.105,3360,KULDEEP KUMAR,Neha,O,341003726,AIR
23245,345101528,2026-08-19 00:00:00,DEL00049,HPL ELECTRIC  POWER GURGAON 132133,4190086781,2026-08-18 00:00:00,2026-08-19 00:00:00,USD,UCD1E100MCL1GS,SCAP1169ELE010UF45,NICHICON,PD&E,20000,0.021,420,1,0.021,420,KULDEEP KUMAR,Neha,O,341003718,AIR
22997,345101350,2026-08-11 00:00:00,DEL00083,SECURE METERS LIMITED,2102300162232,2026-08-06 00:00:00,2026-08-11 00:00:00,USD,R7FA6M5AG3CFB#AA0,BIS1AA006,RENESAS,Active,240,2.835,680.4,1,2.835,680.4,SURAJ PANDEY,Vinny,O,341002356,AIR
22963,345101326,2026-08-11 00:00:00,DEL00083,SECURE METERS LIMITED,2102300162233,2026-08-05 00:00:00,2026-08-11 00:00:00,USD,ISL1208IB8Z-TK,BIS108056,INTERSIL-RENESAS,Active,3000,0.39,1170,1,0.39,1170,SURAJ PANDEY,Vinny,O,341002390,AIR
23107,345101426,2026-08-14 00:00:00,DEL00049,HPL ELECTRIC  POWER GURGAON 132133,4190087716,2026-08-12 00:00:00,2026-08-14 00:00:00,USD,R5F11TLGDFB#15,SIC897R5F11TLGDFB,RENESAS,Active,23040,0.854,19676.16,1,0.854,19676.16,KULDEEP KUMAR,Neha,O,342000183,AIR
23119,345101433,2026-08-13 00:00:00,DEL01992,ANEVOLVE PRIVATE LIMITEDRAJASTHAN,7200000913,2026-08-13 00:00:00,2026-08-13 00:00:00,USD,R5F566TAAGFM#10,1011000668,RENESAS,Active,2560,1.18,3020.8,1,1.18,3020.8,SURAJ PANDEY,Vinny,O,341002195,AIR
23025,345101367,2026-08-11 00:00:00,GUJ00007,ELITE ELECTRONICS,EEPO2627315,2026-08-07 00:00:00,2026-08-11 00:00:00,USD,R5F100FEAFP#50,R5F100FEAFP50,RENESAS,Active,3000,0.688,2064,1,0.688,2064,HARSH DOSHI,Neha,O,341003451,AIR
23107,345101426,2026-08-14 00:00:00,DEL00049,HPL ELECTRIC  POWER GURGAON 132133,4190086531,2026-08-12 00:00:00,2026-08-14 00:00:00,USD,R5F11TLGDFB#15,SIC897R5F11TLGDFB,RENESAS,Active,52480,0.854,44817.92,1,0.854,44817.92,KULDEEP KUMAR,Neha,O,341003584,AIR
23119,345101433,2026-08-13 00:00:00,DEL01992,ANEVOLVE PRIVATE LIMITEDRAJASTHAN,7200000913,2026-08-13 00:00:00,2026-08-13 00:00:00,USD,R5F566TAAGFM#10,1011000668,RENESAS,Active,1280,1.18,1510.4,1,1.18,1510.4,SURAJ PANDEY,Vinny,O,341002195,AIR
23107,345101426,2026-08-14 00:00:00,DEL00049,HPL ELECTRIC  POWER GURGAON 132133,4190087716,2026-08-12 00:00:00,2026-08-14 00:00:00,USD,R5F11TLGDFB#15,SIC897R5F11TLGDFB,RENESAS,Active,5120,0.854,4372.48,1,0.854,4372.48,KULDEEP KUMAR,Neha,O,342000183,AIR
23119,345101433,2026-08-13 00:00:00,DEL01992,ANEVOLVE PRIVATE LIMITEDRAJASTHAN,7200000913,2026-08-13 00:00:00,2026-08-13 00:00:00,USD,R5F566TAAGFM#10,1011000668,RENESAS,Active,8960,1.18,10572.8,1,1.18,10572.8,SURAJ PANDEY,Vinny,O,341002195,AIR
23049,345101381,2026-08-12 00:00:00,DEL01992,ANEVOLVE PRIVATE LIMITEDRAJASTHAN,7200000319,2026-08-11 00:00:00,2026-08-12 00:00:00,USD,R5F566TAAGFM#30,1011000668,RENESAS,Active,1024,1.18,1208.32,1,1.18,1208.32,SURAJ PANDEY,Vinny,O,342000759,AIR
23063,345101393,2026-08-12 00:00:00,AMD00188,SECURE METERS LIMITED SANAND,310230139534,2026-08-11 00:00:00,2026-08-12 00:00:00,USD,R7FA6M3AF3CFB#HA0,BIS1AA004,RENESAS,Active,800,2.667,2133.6,1,2.667,2133.6,SURAJ PANDEY,Vinny,O,341002855,AIR
23025,345101367,2026-08-11 00:00:00,GUJ00007,ELITE ELECTRONICS,EEPO25263817,2026-08-07 00:00:00,2026-08-11 00:00:00,USD,R5F10WLDAFB#10,R5F10WLDAFB10,RENESAS,Active,1280,0.585,748.8,1,0.585,748.8,HARSH DOSHI,Neha,O,341003020,AIR
22608,345101108,2026-08-17 00:00:00,DEL01199,CAPITAL POWER SYSTEMS LTD,IPO2610010,2026-07-23 00:00:00,2026-08-17 00:00:00,USD,TJMS5908#01,TJMS590801,TIANMA,Active,153000,0.26,39780,1,0.26,39780,KULDEEP KUMAR,Poonam Kashyap,O,341003307,DS FR TIANMA TO CAPITALINV 13784691COOCHINA
23005,345101357,2026-08-17 00:00:00,DEL01942,JNS INSTRUMENTS LIMITED,JNSSM0326020304,2026-08-06 00:00:00,2026-08-17 00:00:00,USD,TM042NDKP26-00,CPSMTFTI205332,TIANMA,Active,7200,14.95,107640,1,14.95,107640,ARPIT SINGH,Prakash,O,341003116,DS FR TIANMAINV NO13791081COOCHINA
23006,345101358,2026-08-17 00:00:00,DEL01942,JNS INSTRUMENTS LIMITED,JNSSM0326020304,2026-08-06 00:00:00,2026-08-17 00:00:00,USD,TM042NDKP26-00,CPSMTFTI205332,TIANMA,Active,7200,14.95,107640,1,14.95,107640,ARPIT SINGH,Prakash,O,341003116,DS FR TIANMAINV NO 13791082COOCHINA
23007,345101359,2026-08-17 00:00:00,DEL01942,JNS INSTRUMENTS LIMITED,JNSSM0326020304,2026-08-06 00:00:00,2026-08-17 00:00:00,USD,TM042NDKP26-00,CPSMTFTI205332,TIANMA,Active,7200,14.95,107640,1,14.95,107640,ARPIT SINGH,Prakash,O,341003116,DS FR TIANMA INV NO 13791140COOCHINA
23008,345101360,2026-08-17 00:00:00,DEL01942,JNS INSTRUMENTS LIMITED,JNSSM0326020304,2026-08-06 00:00:00,2026-08-17 00:00:00,USD,TM042NDKP26-00,CPSMTFTI205332,TIANMA,Active,7200,14.95,107640,1,14.95,107640,ARPIT SINGH,Prakash,O,341003116,DS FR TIANMAINV 13791123COOCHINA
23245,345101528,2026-08-19 00:00:00,DEL00049,HPL ELECTRIC  POWER GURGAON 132133,4190086095,2026-08-18 00:00:00,2026-08-19 00:00:00,USD,UCD1C100MCL1GS,SCAP1147ELE010UF35,NICHICON,PD&E,22000,0.0289,635.8,1,0.0289,635.8,KULDEEP KUMAR,Neha,O,341003396,AIR
23245,345101528,2026-08-19 00:00:00,DEL00049,HPL ELECTRIC  POWER GURGAON 132133,4190086095,2026-08-18 00:00:00,2026-08-19 00:00:00,USD,UCD1C100MCL1GS,SCAP1147ELE010UF35,NICHICON,PD&E,4000,0.0289,115.6,1,0.0289,115.6,KULDEEP KUMAR,Neha,O,341003396,AIR
23245,345101528,2026-08-19 00:00:00,DEL00049,HPL ELECTRIC  POWER GURGAON 132133,,2026-08-18 00:00:00,2026-08-19 00:00:00,USD,Handling charges,Handling charges,OTHER,Not available,1,45,45,1,45,45,KULDEEP KUMAR,Neha,O,,AIR
23202,345101493,2026-08-19 00:00:00,DEL00083,SECURE METERS LIMITED,2102300162266,2026-08-17 00:00:00,2026-08-19 00:00:00,USD,MX25V4035FM1I,BIS108112,MACRONIX,Active,7500,0.2,1500,1,0.2,1500,SURAJ PANDEY,Vinny,O,341003414,AIR
23202,345101493,2026-08-19 00:00:00,DEL00083,SECURE METERS LIMITED,2102300162291,2026-08-17 00:00:00,2026-08-19 00:00:00,USD,MX25V4035FM1I,BIS108112,MACRONIX,Active,30000,0.2,6000,1,0.2,6000,SURAJ PANDEY,Vinny,O,342000629,AIR
23216,345101502,2026-08-19 00:00:00,AMD00188,SECURE METERS LIMITED SANAND,3102600822,2026-08-18 00:00:00,2026-08-19 00:00:00,USD,3232-24MG1EBD01R03,BHS1P4502,LUYOUFA,PD&E,10000,0.212,2120,1,0.212,2120,SURAJ PANDEY,Vinny,O,342000546,AIR
23216,345101502,2026-08-19 00:00:00,AMD00188,SECURE METERS LIMITED SANAND,3102600822,2026-08-18 00:00:00,2026-08-19 00:00:00,USD,2443-0212ESG1MUWR01,BHS2P4503,LUYOUFA,PD&E,10000,0.133,1330,1,0.133,1330,SURAJ PANDEY,Vinny,O,342000546,AIR
23216,345101502,2026-08-19 00:00:00,AMD00188,SECURE METERS LIMITED SANAND,3102600822,2026-08-18 00:00:00,2026-08-19 00:00:00,USD,2285-0203ENG1MYR07,BHS645003,LUYOUFA,PD&E,10000,0.087,870,1,0.087,870,SURAJ PANDEY,Vinny,O,342000546,AIR
23226,345101509,2026-08-19 00:00:00,DEL00083,SECURE METERS LIMITED,2102602655,2026-08-18 00:00:00,2026-08-19 00:00:00,USD,2235-0203EWG1MUR07,BHS264501,LUYOUFA,PD&E,10000,0.081,810,1,0.081,810,SURAJ PANDEY,Vinny,O,342000545,AIR
23195,345101487,2026-08-18 00:00:00,DEL00049,HPL ELECTRIC  POWER GURGAON 132133,4190086107,2026-08-17 00:00:00,2026-08-18 00:00:00,USD,R5F10NPJDFB#15,SIC139XR5F10NPJDFB,RENESAS,Active,85680,1.266,108470.88,1,1.266,108470.88,KULDEEP KUMAR,Neha,O,341003441,AIR
23195,345101487,2026-08-18 00:00:00,DEL00049,HPL ELECTRIC  POWER GURGAON 132133,,2026-08-17 00:00:00,2026-08-18 00:00:00,USD,Handling charges,Handling charges,OTHER,Not available,1,45,45,1,45,45,KULDEEP KUMAR,Neha,O,,AIR
23028,345101370,2026-08-20 00:00:00,DEL00859,PROBUS SMART THINGS PRIVATE LIMITED,PSTPO262789,2026-08-07 00:00:00,2026-08-20 00:00:00,USD,ER34615C/W,ER34615CW,EVE,Active,3000,4.32,12960,1,4.32,12960,KULDEEP KUMAR,Abha,O,342000748,DROPSHIP FROM EVE ASIA TO PROBUS
22783,345101223,2026-08-21 00:00:00,JPR00057,POLARISGRIDS PRIVATE LIMITED,IMP262710000007,2026-07-29 00:00:00,2026-08-21 00:00:00,USD,UCS2W330MHDFZX,UCS2W330MHDFZX,NICHICON,PD&E,100000,0.145,14500,1,0.145,14500,KULDEEP KUMAR,Neha Chauhan,O,341003402,SEA
23135,345101444,2026-08-21 00:00:00,DEL00083,SECURE METERS LIMITED,2102602400,2026-08-13 00:00:00,2026-08-21 00:00:00,USD,TM12864Y4BCSUGGA#01,BJP431554,TIANMA,Active,424,1.69,716.56,1,1.69,716.56,SURAJ PANDEY,Vinny,O,342000373,Dropship from Tianma to Secure Meters Limited INV 13794768
23135,345101444,2026-08-21 00:00:00,DEL00083,SECURE METERS LIMITED,2102602400,2026-08-13 00:00:00,2026-08-21 00:00:00,USD,TM12864Y4BCSUGGA#01,BJP431554,TIANMA,Active,1500,1.69,2535,1,1.69,2535,SURAJ PANDEY,Vinny,O,342000373,Dropship from Tianma to Secure Meters Limited INV 13794768
23135,345101444,2026-08-21 00:00:00,DEL00083,SECURE METERS LIMITED,2102602400,2026-08-13 00:00:00,2026-08-21 00:00:00,USD,TM12864Y4BCSUGGA#01,BJP431554,TIANMA,Active,384,1.69,648.96,1,1.69,648.96,SURAJ PANDEY,Vinny,O,342000373,Dropship from Tianma to Secure Meters Limited INV 13794768
23062,345101392,2026-08-21 00:00:00,AMD00188,SECURE METERS LIMITED SANAND,31023023694,2026-08-11 00:00:00,2026-08-21 00:00:00,USD,TJMS5852#01,BJP431538,TIANMA,Active,2059,0.39,803.01,1,0.39,803.01,SURAJ PANDEY,Vinny,O,342000420,Dropship from Tianma to Secure SanandINV NO13792657
23062,345101392,2026-08-21 00:00:00,AMD00188,SECURE METERS LIMITED SANAND,31023023695,2026-08-11 00:00:00,2026-08-21 00:00:00,USD,TJMS5852#01,BJP431538,TIANMA,Active,967,0.39,377.13,1,0.39,377.13,SURAJ PANDEY,Vinny,O,342000421,Dropship from Tianma to Secure SanandINV NO13792657
23062,345101392,2026-08-21 00:00:00,AMD00188,SECURE METERS LIMITED SANAND,31023023696,2026-08-11 00:00:00,2026-08-21 00:00:00,USD,TJMS5852#01,BJP431538,TIANMA,Active,2374,0.39,925.86,1,0.39,925.86,SURAJ PANDEY,Vinny,O,342000422,Dropship from Tianma to Secure SanandINV NO13792657
23265,345101539,2026-08-21 00:00:00,DEL00072,NAPINO AUTO  ELECTRONICS LTDGURGAON,1019000483,2026-08-19 00:00:00,2026-08-21 00:00:00,USD,ESR25JZPF5100,A11ED00614,ROHM,PD&E,8000,0.013,104,1,0.013,104,ARPIT SINGH,Abha,O,232402143,
23265,345101539,2026-08-21 00:00:00,DEL00072,NAPINO AUTO  ELECTRONICS LTDGURGAON,1019000483,2026-08-19 00:00:00,2026-08-21 00:00:00,USD,ESR25JZPF5100,A11ED00614,ROHM,PD&E,8000,0.013,104,1,0.013,104,ARPIT SINGH,Abha,O,232402143,
23265,345101539,2026-08-21 00:00:00,DEL00072,NAPINO AUTO  ELECTRONICS LTDGURGAON,1019000483,2026-08-19 00:00:00,2026-08-21 00:00:00,USD,MCR10EZPF1001,A11ED00615,ROHM,PD&E,5000,0.0017,8.5,1,0.0017,8.5,ARPIT SINGH,Abha,O,232402143,
23265,345101539,2026-08-21 00:00:00,DEL00072,NAPINO AUTO  ELECTRONICS LTDGURGAON,1019000483,2026-08-19 00:00:00,2026-08-21 00:00:00,USD,ESR18EZPF2701,A11ED00368,ROHM,PD&E,5000,0.0058,29,1,0.0058,29,ARPIT SINGH,Abha,O,232402143,
1222,347000026,2026-08-13 00:00:00,AMD00013,MULTISPAN CONTROL INSTRUMENTS PVT LTD,,2026-08-13 00:00:00,,USD,,,,,-1,2471.7,-2471.7,1,2471.7,-2471.7,HARSH DOSHI,Poonam Kashyap,O,,231pcs Rejected qty underINV 232404419
1227,347000028,2026-08-19 00:00:00,DEL00052,INDICATION INSTRUMENTS LTD,,2026-08-19 00:00:00,,USD,,,,,-1,135,-135,1,135,-135,MAHESH KUMAR MITTAL,Prakash,C,,Reverse freight cost under DN344105444 due to customer unable to paid separatelyrebill under INV 345101547
